<dir>
<title>1930's & 1940's</title>
<tmdb>list/94398</tmdb>
<thumbnail>special://home/addons/plugin.video.kidscove/images/walt-disney.gif</thumbnail>
<summary>Movies from the 30's and 40's</summary>
</dir>

<dir>
<title>1950's</title>
<tmdb>list/94406</tmdb>
<thumbnail>special://home/addons/plugin.video.kidscove/images/walt-disney.gif</thumbnail>
<summary>Movies from the 50's</summary>
</dir>


<dir>
<title>1960's</title>
<tmdb>list/94439</tmdb>
<thumbnail>special://home/addons/plugin.video.kidscove/images/walt-disney.gif</thumbnail>
<summary>Movies from the 60's</summary>
</dir>

<dir>
<title>1970's</title>
<tmdb>list/94442</tmdb>
<thumbnail>special://home/addons/plugin.video.kidscove/images/walt-disney.gif</thumbnail>
<summary>Movies from the 70's</summary>
</dir>

<dir>
<title>1980's</title>
<tmdb>list/94445</tmdb>
<thumbnail>special://home/addons/plugin.video.kidscove/images/walt-disney.gif</thumbnail>
<summary>Movies from the 80's</summary>
</dir>

<dir>
<title>1990's</title>
<tmdb>list/94447</tmdb>
<thumbnail>special://home/addons/plugin.video.kidscove/images/walt-disney.gif</thumbnail>
<summary>Movies from the 90's</summary>
</dir>

<dir>
<title>2000's</title>
<tmdb>list/94448</tmdb>
<thumbnail>special://home/addons/plugin.video.kidscove/images/walt-disney.gif</thumbnail>
<summary>Movies from the 00's</summary>
</dir>

<dir>
<title>2010's</title>
<tmdb>list/94466</tmdb>
<thumbnail>special://home/addons/plugin.video.kidscove/images/walt-disney.gif</thumbnail>
<summary>Movies from the 2010's</summary>
</dir>

<dir>
<title>Future Releases</title>
<tmdb>list/94472</tmdb>
<thumbnail>special://home/addons/plugin.video.kidscove/images/walt-disney.gif</thumbnail>
<summary>Future Releases</summary>
</dir>

