<item>
<title>??? Episode Name (19??)</title>
<link>https://www.dailymotion.com/video/x2ncqh4</link>
<thumbnail>https://image.tmdb.org/t/p/w185_and_h278_bestv2/7IhXgT22mmWp6zD1d0YoVuxXHj4.jpg</thumbnail>
<fanart></fanart>
</item>

<item>
<title>Hollywood Heyday (1952)</title>
<link>https://www.dailymotion.com/video/x2ik87z</link>
<thumbnail>https://image.tmdb.org/t/p/w185_and_h278_bestv2/7IhXgT22mmWp6zD1d0YoVuxXHj4.jpg</thumbnail>
<fanart></fanart>
</item>

<item>
<title>Final Episode (1960)</title>
<link>https://www.dailymotion.com/video/x5sc2d8</link>
<thumbnail>https://image.tmdb.org/t/p/w185_and_h278_bestv2/7IhXgT22mmWp6zD1d0YoVuxXHj4.jpg</thumbnail>
<fanart></fanart>
</item>

<item>
<title>S13E06 - Came The Brawn (1938)</title>
<link>https://archive.org/download/leave.it.to.beaver.complete.series/Season%201/Leave%20It%20To%20Beaver%20-%20S01E00%20-%20Pilot%20It%27s%20A%20Small%20World.avi</link>
<thumbnail>https://www.thetvdb.com/banners/episodes/70572/13080.jpg</thumbnail>
<fanart></fanart>
</item>