<item>
<title>Way Out West (1937)</title>
<link>https://www.dailymotion.com/video/x27brbx</link>
<thumbnail>https://image.tmdb.org/t/p/w185_and_h278_bestv2/dwxZylbfzSMI3yMseyvmrSff5qa.jpg</thumbnail>
<fanart></fanart>
</item>

<item>
<title>They Go Boom (1929)</title>
<link>https://www.dailymotion.com/video/x24vbct</link>
<thumbnail>https://image.tmdb.org/t/p/w185_and_h278_bestv2/dHzYPtH97U6vCXNmijSKP4hwPbr.jpg</thumbnail>
<fanart></fanart>
</item>

<item>
<title>Another Fine Mess (1930)</title>
<link>https://www.dailymotion.com/video/x2j3le6</link>
<thumbnail>https://image.tmdb.org/t/p/w185_and_h278_bestv2/wvfHANgX55mnyox8fvQRSioRaZj.jpg</thumbnail>
<fanart></fanart>
</item>

<item>
<title>Sons of the Desert(1933)</title>
<link>https://www.dailymotion.com/video/x27bsho</link>
<thumbnail>https://image.tmdb.org/t/p/w185_and_h278_bestv2/t9aRmjHY9OAmjcoA352qocJXzFc.jpg</thumbnail>
<fanart></fanart>
</item>

<item>
<title>Hog Wild (1930)</title>
<link>https://www.dailymotion.com/video/x2j9uhr</link>
<thumbnail>https://image.tmdb.org/t/p/w185_and_h278_bestv2/bcYUak6v9RMB8dumbJoQn7Kdxpy.jpg</thumbnail>
<fanart></fanart>
</item>

<item>
<title>Helpmates (1932)</title>
<link>https://www.dailymotion.com/video/x26g4vb</link>
<thumbnail>https://image.tmdb.org/t/p/w185_and_h278_bestv2/if1DQhry90cpNpZjTucQ9rU5oUV.jpg</thumbnail>
<fanart></fanart>
</item>

<item>
<title>Chickens Come Home (1931)</title>
<link>https://www.dailymotion.com/video/x26gd6k</link>
<thumbnail>https://image.tmdb.org/t/p/w185_and_h278_bestv2/boymvTpPLEZ2BewANRWQf21gV73.jpg</thumbnail>
<fanart></fanart>
</item>

<item>
<title>The Fixer Uppers (1935)</title>
<link>https://www.dailymotion.com/video/x26fzhw</link>
<thumbnail>https://image.tmdb.org/t/p/w185_and_h278_bestv2/30zDPf1eWpaytnrr8n5tqIWwORv.jpg</thumbnail>
<fanart></fanart>
</item>

<item>
<title>Towed In A Hole (1932)</title>
<link>https://www.dailymotion.com/video/x24v7av</link>
<thumbnail>https://image.tmdb.org/t/p/w185_and_h278_bestv2/q8uUjW0na5inkbz1nwTaNWpC65v.jpg</thumbnail>
<fanart></fanart>
</item>

<item>
<title>The Chimp (1932)</title>
<link>https://www.dailymotion.com/video/x26g7xn</link>
<thumbnail>https://image.tmdb.org/t/p/w185_and_h278_bestv2/uEChzcdH25nyzKPp8eO7loe21PG.jpg</thumbnail>
<fanart></fanart>
</item>

<item>
<title>Oliver the Eighth (1934)</title>
<link>https://www.dailymotion.com/video/x26g9us</link>
<thumbnail>https://image.tmdb.org/t/p/w185_and_h278_bestv2/20QboVfILo7T8ohJ7K8iV3mCHCS.jpg</thumbnail>
<fanart></fanart>
</item>

<item>
<title>Tit for Tat (1935)</title>
<link>https://www.dailymotion.com/video/x24v2si</link>
<thumbnail>https://image.tmdb.org/t/p/w185_and_h278_bestv2/mJQIFPhXnKwb9Hlk2ysAQZosHba.jpg</thumbnail>
<fanart></fanart>
</item>

<item>
<title>The Live Ghost (1934)</title>
<link>https://www.dailymotion.com/video/x26g1f9</link>
<thumbnail>https://image.tmdb.org/t/p/w185_and_h278_bestv2/8uiDo9b3WzqFSxh90oW7Cz2nxHT.jpg</thumbnail>
<fanart></fanart>
</item>

<item>
<title>A Chump At Oxford (1940)</title>
<link>https://www.dailymotion.com/video/x3b3eo2</link>
<thumbnail>https://image.tmdb.org/t/p/w185_and_h278_bestv2/9Jg6iWDNtwL1Adg6qVRaHCaJ81L.jpg</thumbnail>
<fanart></fanart>
</item>

<item>
<title>Them Thar Hills (1934)</title>
<link>https://www.dailymotion.com/video/x26fz9h</link>
<thumbnail>https://image.tmdb.org/t/p/w185_and_h278_bestv2/uiy2BySuAWuZ0LmQrQmQBQX7II3.jpg</thumbnail>
<fanart></fanart>
</item>

<item>
<title>Our Wife (1931)</title>
<link>https://www.dailymotion.com/video/x26g35y</link>
<thumbnail>https://image.tmdb.org/t/p/w185_and_h278_bestv2/44w2fRvGPFGJGvYRsK5KF3XIoPW.jpg</thumbnail>
<fanart></fanart>
</item>

<item>
<title>The Laurel Hardy Murder Case (1930)</title>
<link>https://www.dailymotion.com/video/x26gcpa</link>
<thumbnail>https://image.tmdb.org/t/p/w185_and_h278_bestv2/4U4YBWZ50IMyF0DwxhIQCHUkz3G.jpg</thumbnail>
<fanart></fanart>
</item>

<item>
<title>Any Old Port (1932)</title>
<link>https://www.dailymotion.com/video/x26g4k5</link>
<thumbnail>https://image.tmdb.org/t/p/w185_and_h278_bestv2/i4XEtvT4STBYAshgHyEnHJEQKZS.jpg</thumbnail>
<fanart></fanart>
</item>

<item>
<title>Pardon Us (1931)</title>
<link>https://www.dailymotion.com/video/x27c6rx</link>
<thumbnail>https://image.tmdb.org/t/p/w185_and_h278_bestv2/qY3JKP8L8uZwh94PkFx52SOcctk.jpg</thumbnail>
<fanart></fanart>
</item>

<item>
<title>Block-Heads (1938)</title>
<link>https://www.dailymotion.com/video/x2j3bdu</link>
<thumbnail>https://image.tmdb.org/t/p/w185_and_h278_bestv2/cWKlv7a1r70W3EURLr8oJgl3wJm.jpg</thumbnail>
<fanart></fanart>
</item>

<item>
<title>Beau Hunks (1931)</title>
<link>https://www.dailymotion.com/video/x26gfws</link>
<thumbnail>https://image.tmdb.org/t/p/w185_and_h278_bestv2/cJbsgf0Cf0mpI71egBOlKpH798P.jpg</thumbnail>
<fanart></fanart>
</item>

<item>
<title>Busy Bodies (1933)</title>
<link>https://www.dailymotion.com/video/x2j1mzd</link>
<thumbnail>https://image.tmdb.org/t/p/w185_and_h278_bestv2/dgWzKTHSFiEsKYROIZYEr0rlqlK.jpg</thumbnail>
<fanart></fanart>
</item>

<item>
<title>One Good Turn (1931)</title>
<link>https://www.dailymotion.com/video/x26g12n</link>
<thumbnail>https://image.tmdb.org/t/p/w185_and_h278_bestv2/m0o1cKp0LJZJdn4afvvpT7nl9iJ.jpg</thumbnail>
<fanart></fanart>
</item>

<item>
<title>Twice Two (1933)</title>
<link>https://www.dailymotion.com/video/x26fzqx</link>
<thumbnail>https://image.tmdb.org/t/p/w185_and_h278_bestv2/jTKx5NBlyplxkZgmGImiWVHIo2K.jpg</thumbnail>
<fanart></fanart>
</item>

<item>
<title>The Midnight Patrol (1933)</title>
<link>https://www.dailymotion.com/video/x24v4ou</link>
<thumbnail>https://image.tmdb.org/t/p/w185_and_h278_bestv2/qKdzJZVBJDBdYzVOmRryqp87AVR.jpg</thumbnail>
<fanart></fanart>
</item>

<item>
<title>Me and My Pal (1933)</title>
<link>https://www.dailymotion.com/video/x24vcl4</link>
<thumbnail>https://image.tmdb.org/t/p/w185_and_h278_bestv2/nuteJlfqLIr26BzJGWEFX8zJ69Z.jpg</thumbnail>
<fanart></fanart>
</item>

<item>
<title>Going Bye-Bye! (1934)</title>
<link>https://www.dailymotion.com/video/x26g2ax</link>
<thumbnail>https://image.tmdb.org/t/p/w185_and_h278_bestv2/r23t89baj8HmjkPaOf2rWwrZ0Ka.jpg</thumbnail>
<fanart></fanart>
</item>

<item>
<title>Dirty Work (1933)</title>
<link>https://www.dailymotion.com/video/x24v2fd</link>
<thumbnail>https://image.tmdb.org/t/p/w185_and_h278_bestv2/788ugNgbP9Mu8F7dj9WyFMpjAkC.jpg</thumbnail>
<fanart></fanart>
</item>

<item>
<title>Scram! (1932)</title>
<link>https://www.dailymotion.com/video/x26g0tv</link>
<thumbnail>https://image.tmdb.org/t/p/w185_and_h278_bestv2/wItf7RR4zX7DUaY8CGkB3E3UprV.jpg</thumbnail>
<fanart></fanart>
</item>

<item>
<title>County Hospital (1932)</title>
<link>https://www.dailymotion.com/video/x24uz91</link>
<thumbnail>https://image.tmdb.org/t/p/w185_and_h278_bestv2/7EJ0CZnG08qjYngl9Ze9WONpYSS.jpg</thumbnail>
<fanart></fanart>
</item>

<item>
<title>Busy Bodies (1933)</title>
<link>https://www.dailymotion.com/video/x24v1l9</link>
<thumbnail>https://image.tmdb.org/t/p/w185_and_h278_bestv2/dgWzKTHSFiEsKYROIZYEr0rlqlK.jpg</thumbnail>
<fanart></fanart>
</item>

<item>
<title>The Hoose-Gow (1929)</title>
<link>https://www.dailymotion.com/video/x24v6nk</link>
<thumbnail>https://image.tmdb.org/t/p/w185_and_h278_bestv2/4FjqBvFrZ4GONaso3aM78aYw90c.jpg</thumbnail>
<fanart></fanart>
</item>

<item>
<title>Pack Up Your Troubles (1932)</title>
<link>https://www.dailymotion.com/video/x27c2je</link>
<thumbnail>https://image.tmdb.org/t/p/w185_and_h278_bestv2/x2Uq6ckiWTl2xHwU90LVUWY7eNv.jpg</thumbnail>
<fanart></fanart>
</item>

<item>
<title>The Bohemian Girl (1936)</title>
<link>https://www.dailymotion.com/video/x27c7za</link>
<thumbnail>https://image.tmdb.org/t/p/w185_and_h278_bestv2/A3BCuOLyek1uVqRm2G9IXSFnBkv.jpg</thumbnail>
<fanart></fanart>
</item>

<item>
<title>Saps At Sea (1940)</title>
<link>https://www.dailymotion.com/video/x26guto</link>
<thumbnail>https://image.tmdb.org/t/p/w185_and_h278_bestv2/2U0HKcT0iqmtezOxW0gViBB3Zfq.jpg</thumbnail>
<fanart></fanart>
</item>

<item>
<title>Our Relations (1936)</title>
<link>https://www.dailymotion.com/video/x27cbu5</link>
<thumbnail>https://image.tmdb.org/t/p/w185_and_h278_bestv2/xvpfIbSV8PjbR65dG1HlTm4cX0B.jpg</thumbnail>
<fanart></fanart>
</item>

<item>
<title>Swiss Miss (1938)</title>
<link>https://www.dailymotion.com/video/x27cevg</link>
<thumbnail>https://image.tmdb.org/t/p/w185_and_h278_bestv2/9aeSz6wuNUZtY7OR2ru2oCE4bBV.jpg</thumbnail>
<fanart></fanart>
</item>

<item>
<title>Brats (1930)</title>
<link>https://www.dailymotion.com/video/x24v9zj</link>
<thumbnail>https://image.tmdb.org/t/p/w185_and_h278_bestv2/nsa6ziLjxTyMgy0ZP2VzmRrHVzW.jpg</thumbnail>
<fanart></fanart>
</item>

<item>
<title>Their First Mistake (1932)</title>
<link>https://www.dailymotion.com/video/x24v7l2</link>
<thumbnail>https://image.tmdb.org/t/p/w185_and_h278_bestv2/u0SJkPLGWkB1zG1knSE5nUnMA1t.jpg</thumbnail>
<fanart></fanart>
</item>

<item>
<title>Unaccustomed As We Are (1929)</title>
<link>https://www.dailymotion.com/video/x26g4az</link>
<thumbnail>https://image.tmdb.org/t/p/w185_and_h278_bestv2/vi8qhoiHRPkfEWU4vGhXecjiVRT.jpg</thumbnail>
<fanart></fanart>
</item>

<item>
<title>A Chump at Oxford (1940)</title>
<link>https://www.dailymotion.com/video/x26gzho</link>
<thumbnail>https://image.tmdb.org/t/p/w185_and_h278_bestv2/9Jg6iWDNtwL1Adg6qVRaHCaJ81L.jpg</thumbnail>
<fanart></fanart>
</item>

<item>
<title>Men 'O War (1929)</title>
<link>https://www.dailymotion.com/video/x24v5zi</link>
<thumbnail>https://image.tmdb.org/t/p/w185_and_h278_bestv2/umbMo0KOvPK3qWeWI4Oicg7RCMm.jpg</thumbnail>
<fanart></fanart>
</item>

<item>
<title>The Music Box (1932)</title>
<link>https://www.dailymotion.com/video/x26gcbk</link>
<thumbnail>https://image.tmdb.org/t/p/w185_and_h278_bestv2/lj97Rus3XN5kVLnxExxE6BuVFy1.jpg</thumbnail>
<fanart></fanart>
</item>

<item>
<title>Habeas Corpus (1928)</title>
<link>https://www.dailymotion.com/video/x24vag7</link>
<thumbnail>https://image.tmdb.org/t/p/w185_and_h278_bestv2/d28tRwnOmo3cdqXDWpfyEnSwAvE.jpg</thumbnail>
<fanart></fanart>
</item>

<item>
<title>Be Big! (1931)</title>
<link>https://www.dailymotion.com/video/x26g9j1</link>
<thumbnail>special://home/addons/plugin.video.kidscove/images/laurelandhardy.gif</thumbnail>
<fanart></fanart>
</item>

<item>
<title>On the Wrong Trek (1936)</title>
<link>https://www.dailymotion.com/video/x24uxqh</link>
<thumbnail>https://image.tmdb.org/t/p/w185_and_h278_bestv2/aytMDMsOSidaNh0fbUI7dfPl5Up.jpg</thumbnail>
<fanart></fanart>
</item>

<item>
<title>Why Girls Love Sailors (1927)</title>
<link>https://www.dailymotion.com/video/x24uz1g</link>
<thumbnail>https://image.tmdb.org/t/p/w185_and_h278_bestv2/6svMaeEhf5sOVyl29Gus7ZnrI69.jpg</thumbnail>
<fanart></fanart>
</item>