
<item>
<title>01. Blind Date Committee</title>
<meta>
  <content>episode</content>
  <imdb>tt0050032</imdb>
  <tvdb>50825</tvdb>
  <tvshowtitle>Leave It To Beaver</tvshowtitle>
  <year>1959</year>
  <title></title>
  <premiered></premiered>
  <season>3</season>
  <episode></episode>
  <summary>Wally becomes the chairman of the blind date committee for an upcoming dance. However, Wally quickly wants to resign from the position when he can't find anyone to go with the new girl, Jill Bartlett.</summary>
</meta>
<link>https://archive.org/download/leave.it.to.beaver.complete.series/Season%203/Leave%20It%20To%20Beaver%20-%20S03E01%20-%20Blind%20Date%20Committee.mp4</link>
<animated_thumbnail></animated_thumbnail>
<thumbnail>https://www.thetvdb.com/banners/episodes/71575/50903.jpg</thumbnail>
<animated_fanart></animated_fanart>
<fanart></fanart>
</item>

<item>
<title>02. Beaver Takes a Bath</title>
<meta>
  <content>episode</content>
  <imdb>tt0050032</imdb>
  <tvdb>50825</tvdb>
  <tvshowtitle>Leave It To Beaver</tvshowtitle>
  <year>1959</year>
  <title></title>
  <premiered></premiered>
  <season>3</season>
  <episode></episode>
  <summary>Ward and June allow Wally to babysit Beaver one evening, while they attend a party. However, things go awry when Beaver gets ready to take a bath he accidentally lets the bathtub overflow causing the water to leak onto the bathroom floor and into the downstairs ceiling.</summary>
</meta>
<link>https://archive.org/download/leave.it.to.beaver.complete.series/Season%203/Leave%20It%20To%20Beaver%20-%20S03E02%20-%20Beaver%20Takes%20A%20Bath.mp4</link>
<animated_thumbnail></animated_thumbnail>
<thumbnail>https://www.thetvdb.com/banners/episodes/71575/50904.jpg</thumbnail>
<animated_fanart></animated_fanart>
<fanart></fanart>
</item>

<item>
<title>03. School Bus</title>
<meta>
  <content>episode</content>
  <imdb>tt0050032</imdb>
  <tvdb>50825</tvdb>
  <tvshowtitle>Leave It To Beaver</tvshowtitle>
  <year>1959</year>
  <title></title>
  <premiered></premiered>
  <season>3</season>
  <episode></episode>
  <summary>A new school year has the bus service being extended to those students living in town. However, after not even a week, Beaver gets suspended from riding the bus after getting into a fight.</summary>
</meta>
<link>https://archive.org/download/leave.it.to.beaver.complete.series/Season%203/Leave%20It%20To%20Beaver%20-%20S03E03%20-%20School%20Bus.mp4</link>
<animated_thumbnail></animated_thumbnail>
<thumbnail>https://www.thetvdb.com/banners/episodes/71575/50905.jpg</thumbnail>
<animated_fanart></animated_fanart>
<fanart></fanart>
</item>

<item>
<title>04. Beaver's Prize</title>
<meta>
  <content>episode</content>
  <imdb>tt0050032</imdb>
  <tvdb>50825</tvdb>
  <tvshowtitle>Leave It To Beaver</tvshowtitle>
  <year>1959</year>
  <title></title>
  <premiered></premiered>
  <season>3</season>
  <episode></episode>
  <summary>After leaving the cap off the ink, Beaver is grounded to the house for a whole day after the ink ruined some of Ward's papers. However, Larry and Beaver sneak out to the movies and when Beaver wins a bike, he must find a way to keep it a secret from his parents.</summary>
</meta>
<link>https://archive.org/download/leave.it.to.beaver.complete.series/Season%203/Leave%20It%20To%20Beaver%20-%20S03E04%20-%20Beaver%27s%20Prize.mp4</link>
<animated_thumbnail></animated_thumbnail>
<thumbnail>https://www.thetvdb.com/banners/episodes/71575/50906.jpg</thumbnail>
<animated_fanart></animated_fanart>
<fanart></fanart>
</item>

<item>
<title>05. Baby Picture</title>
<meta>
  <content>episode</content>
  <imdb>tt0050032</imdb>
  <tvdb>50825</tvdb>
  <tvshowtitle>Leave It To Beaver</tvshowtitle>
  <year>1959</year>
  <title></title>
  <premiered></premiered>
  <season>3</season>
  <episode></episode>
  <summary>Beaver's class holds a ""Most Beautiful Baby"" contest and each student is supposed to bring in a baby picture. To make the deadline, June picks out a cute picture of Beaver at the last minute and sends it to Miss Landers, not realizing that the cute picture may cause Beaver embarrassment.</summary>
</meta>
<link>https://archive.org/download/leave.it.to.beaver.complete.series/Season%203/Leave%20It%20To%20Beaver%20-%20S03E05%20-%20Baby%20Picture.mp4</link>
<animated_thumbnail></animated_thumbnail>
<thumbnail>https://www.thetvdb.com/banners/episodes/71575/50907.jpg</thumbnail>
<animated_fanart></animated_fanart>
<fanart></fanart>
</item>

<item>
<title>06. Beaver Takes a Walk</title>
<meta>
  <content>episode</content>
  <imdb>tt0050032</imdb>
  <tvdb>50825</tvdb>
  <tvshowtitle>Leave It To Beaver</tvshowtitle>
  <year>1959</year>
  <title></title>
  <premiered></premiered>
  <season>3</season>
  <episode></episode>
  <summary>Ward saves an old pedometer from being thrown out and gives it to Beaver, but not before telling him a story about when he was a kid he would walk 20 miles a day. Taking the story literally, Beaver makes a bet with Whitey that he too can walk 20 miles in a day.</summary>
</meta>
<link>https://archive.org/download/leave.it.to.beaver.complete.series/Season%203/Leave%20It%20To%20Beaver%20-%20S03E06%20-%20Beaver%20Takes%20a%20Walk.mp4</link>
<animated_thumbnail></animated_thumbnail>
<thumbnail>https://www.thetvdb.com/banners/episodes/71575/50908.jpg</thumbnail>
<animated_fanart></animated_fanart>
<fanart></fanart>
</item>

<item>
<title>07. Borrowed Boat</title>
<meta>
  <content>episode</content>
  <imdb>tt0050032</imdb>
  <tvdb>50825</tvdb>
  <tvshowtitle>Leave It To Beaver</tvshowtitle>
  <year>1959</year>
  <title></title>
  <premiered></premiered>
  <season>3</season>
  <episode></episode>
  <summary>Larry and Beaver spend the day at lake which is where they encounter two kids who let them borrow their boat. However, little do Larry and Beaver know that the boat is stolen.</summary>
</meta>
<link>https://archive.org/download/leave.it.to.beaver.complete.series/Season%203/Leave%20It%20To%20Beaver%20-%20S03E07%20-%20The%20Borrowed%20Boat.mp4</link>
<animated_thumbnail></animated_thumbnail>
<thumbnail>https://www.thetvdb.com/banners/episodes/71575/50909.jpg</thumbnail>
<animated_fanart></animated_fanart>
<fanart></fanart>
</item>

<item>
<title>08. Beaver's Tree</title>
<meta>
  <content>episode</content>
  <imdb>tt0050032</imdb>
  <tvdb>50825</tvdb>
  <tvshowtitle>Leave It To Beaver</tvshowtitle>
  <year>1959</year>
  <title></title>
  <premiered></premiered>
  <season>3</season>
  <episode></episode>
  <summary>While his class is reciting a poem about trees, Beaver remembers a tree that Ward had given him for his birthday when they lived at their old house. Wanting "his" tree back, Beaver and Larry go to Beaver's old home and promptly dig it up.</summary>
</meta>
<link>https://archive.org/download/leave.it.to.beaver.complete.series/Season%203/Leave%20It%20To%20Beaver%20-%20S03E08%20-%20Beaver%27s%20Tree.mp4</link>
<animated_thumbnail></animated_thumbnail>
<thumbnail>https://www.thetvdb.com/banners/episodes/71575/50910.jpg</thumbnail>
<animated_fanart></animated_fanart>
<fanart></fanart>
</item>

<item>
<title>09. Teacher Comes to Dinner</title>
<meta>
  <content>episode</content>
  <imdb>tt0050032</imdb>
  <tvdb>50825</tvdb>
  <tvshowtitle>Leave It To Beaver</tvshowtitle>
  <year>1959</year>
  <title></title>
  <premiered></premiered>
  <season>3</season>
  <episode></episode>
  <summary>Beaver gets a surprise when June invites Miss Landers over for dinner and Larry convinces him that something bad might happen. This leads Beaver to becomes a nervous wreck and tries to make sure his parents don't do anything to embarrass him. Meanwhile, Larry charges a quarter to anyone who wants to spy on Miss Landers eating dinner at the Cleavers.</summary>
</meta>
<link>https://archive.org/download/leave.it.to.beaver.complete.series/Season%203/Leave%20It%20To%20Beaver%20-%20S03E09%20-%20Teacher%20Comes%20to%20Dinner.mp4</link>
<animated_thumbnail></animated_thumbnail>
<thumbnail>https://www.thetvdb.com/banners/episodes/71575/50911.jpg</thumbnail>
<animated_fanart></animated_fanart>
<fanart></fanart>
</item>

<item>
<title>10. Beaver's Fortune</title>
<meta>
  <content>episode</content>
  <imdb>tt0050032</imdb>
  <tvdb>50825</tvdb>
  <tvshowtitle>Leave It To Beaver</tvshowtitle>
  <year>1959</year>
  <title></title>
  <premiered></premiered>
  <season>3</season>
  <episode></episode>
  <summary>Beaver has his fortune read by a machine and becomes convinced nothing but good luck is headed his way. However, he doesn't feel that way when Larry sets it up so that Beaver will have to fight a 5th grader, Sonny Cartwright.</summary>
</meta>
<link>https://archive.org/download/leave.it.to.beaver.complete.series/Season%203/Leave%20It%20To%20Beaver%20-%20S03E10%20-%20Beaver%27s%20Fortune.mp4</link>
<animated_thumbnail></animated_thumbnail>
<thumbnail>https://www.thetvdb.com/banners/episodes/71575/50912.jpg</thumbnail>
<animated_fanart></animated_fanart>
<fanart></fanart>
</item>

<item>
<title>11. Beaver Makes a Loan</title>
<meta>
  <content>episode</content>
  <imdb>tt0050032</imdb>
  <tvdb>50825</tvdb>
  <tvshowtitle>Leave It To Beaver</tvshowtitle>
  <year>1959</year>
  <title></title>
  <premiered></premiered>
  <season>3</season>
  <episode></episode>
  <summary>Ward loans Beaver 25 cents but gives him a dollar, expecting 75 cents as change. However, Larry manages to convince Beaver to loan him the 75 cents and when Larry doesn't pay him back, when he said he was going to, a feud erupts.</summary>
</meta>
<link>https://archive.org/download/leave.it.to.beaver.complete.series/Season%203/Leave%20It%20To%20Beaver%20-%20S03E11%20-%20Beaver%20Makes%20A%20Loan.mp4</link>
<animated_thumbnail></animated_thumbnail>
<thumbnail>https://www.thetvdb.com/banners/episodes/71575/50913.jpg</thumbnail>
<animated_fanart></animated_fanart>
<fanart></fanart>
</item>

<item>
<title>12. Beaver the Magician</title>
<meta>
  <content>episode</content>
  <imdb>tt0050032</imdb>
  <tvdb>50825</tvdb>
  <tvshowtitle>Leave It To Beaver</tvshowtitle>
  <year>1959</year>
  <title></title>
  <premiered></premiered>
  <season>3</season>
  <episode></episode>
  <summary>Beaver buys a common magic trick but is disappointed by everyone's ""that's nice"" reaction, but he gets a totally different reaction out of Bengie when Larry and Beaver convince him that Beaver has been turned into a rock.</summary>
</meta>
<link>https://archive.org/download/leave.it.to.beaver.complete.series/Season%203/Leave%20It%20To%20Beaver%20-%20S03E12%20-%20Beaver%20the%20Magician.mp4</link>
<animated_thumbnail></animated_thumbnail>
<thumbnail>https://www.thetvdb.com/banners/episodes/71575/50914.jpg</thumbnail>
<animated_fanart></animated_fanart>
<fanart></fanart>
</item>

<item>
<title>13. June's Birthday</title>
<meta>
  <content>episode</content>
  <imdb>tt0050032</imdb>
  <tvdb>50825</tvdb>
  <tvshowtitle>Leave It To Beaver</tvshowtitle>
  <year>1959</year>
  <title></title>
  <premiered></premiered>
  <season>3</season>
  <episode></episode>
  <summary>June's birthday has Wally and Beaver fighting over what to buy with the five dollars that Ward gave them. Wally buys her a wallet while Beaver buys an ugly blouse that June kindly thanks him for, but she has a hard time bringing herself to wear it.</summary>
</meta>
<link>https://archive.org/download/leave.it.to.beaver.complete.series/Season%203/Leave%20It%20To%20Beaver%20-%20S03E13%20-%20June%27s%20Birthday.mp4</link>
<animated_thumbnail></animated_thumbnail>
<thumbnail>https://www.thetvdb.com/banners/episodes/71575/50915.jpg</thumbnail>
<animated_fanart></animated_fanart>
<fanart></fanart>
</item>

<item>
<title>14. Tire Trouble</title>
<meta>
  <content>episode</content>
  <imdb>tt0050032</imdb>
  <tvdb>50825</tvdb>
  <tvshowtitle>Leave It To Beaver</tvshowtitle>
  <year>1959</year>
  <title></title>
  <premiered></premiered>
  <season>3</season>
  <episode></episode>
  <summary>Beaver wants to raise chinchillas and begins building a cage in the garage. However, when Beaver changes his mind, Ward tries his best to get Wally and Beaver the clean the mess up in the garage. Things get worse, when Ward unknowingly runs over some of the wood and nails that Beaver left laying around with the car, causing the boys to try to patch a flat tire before Ward finds out.</summary>
</meta>
<link>https://archive.org/download/leave.it.to.beaver.complete.series/Season%203/Leave%20It%20To%20Beaver%20-%20S03E14%20-%20Tire%20Trouble.mp4</link>
<animated_thumbnail></animated_thumbnail>
<thumbnail>https://www.thetvdb.com/banners/episodes/71575/50916.jpg</thumbnail>
<animated_fanart></animated_fanart>
<fanart></fanart>
</item>

<item>
<title>15. Larry Hides Out</title>
<meta>
  <content>episode</content>
  <imdb>tt0050032</imdb>
  <tvdb>50825</tvdb>
  <tvshowtitle>Leave It To Beaver</tvshowtitle>
  <year>1959</year>
  <title></title>
  <premiered></premiered>
  <season>3</season>
  <episode></episode>
  <summary>While Beaver is staying at the Mondellos, Larry sneaks a peak at his sister's diary and his mother discovers him and yells at him right in front of Beaver. This prompts Larry to run away, to Beaver's house, who secretly hides him in his bathroom.</summary>
</meta>
<link>https://archive.org/download/leave.it.to.beaver.complete.series/Season%203/Leave%20It%20To%20Beaver%20-%20S03E15%20-%20Larry%20Hides%20Out.mp4</link>
<animated_thumbnail></animated_thumbnail>
<thumbnail>https://www.thetvdb.com/banners/episodes/71575/50917.jpg</thumbnail>
<animated_fanart></animated_fanart>
<fanart></fanart>
</item>

<item>
<title>16. Pet Fair</title>
<meta>
  <content>episode</content>
  <imdb>tt0050032</imdb>
  <tvdb>50825</tvdb>
  <tvshowtitle>Leave It To Beaver</tvshowtitle>
  <year>1959</year>
  <title></title>
  <premiered></premiered>
  <season>3</season>
  <episode></episode>
  <summary>A pet fair at school has Beaver feeling left out since he doesn't have a pet, but he tells everyone he does, a parrot. Meanwhile, Ward tries to find a pet for Beaver and buys him a hamster.</summary>
</meta>
<link>https://archive.org/download/leave.it.to.beaver.complete.series/Season%203/Leave%20It%20To%20Beaver%20-%20S03E16%20-%20Pet%20Fair.mp4</link>
<animated_thumbnail></animated_thumbnail>
<thumbnail>https://www.thetvdb.com/banners/episodes/71575/50918.jpg</thumbnail>
<animated_fanart></animated_fanart>
<fanart></fanart>
</item>

<item>
<title>17. Wally's Test</title>
<meta>
  <content>episode</content>
  <imdb>tt0050032</imdb>
  <tvdb>50825</tvdb>
  <tvshowtitle>Leave It To Beaver</tvshowtitle>
  <year>1959</year>
  <title></title>
  <premiered></premiered>
  <season>3</season>
  <episode></episode>
  <summary>An upcoming test in history, Wally's weakest subject, has Wally studying all weekend and has Larry and Eddie coming up with a plan that will give them good grades on the test.</summary>
</meta>
<link>https://archive.org/download/leave.it.to.beaver.complete.series/Season%203/Leave%20It%20To%20Beaver%20-%20S03E17%20-%20Wally%27s%20Test.mp4</link>
<animated_thumbnail></animated_thumbnail>
<thumbnail>https://www.thetvdb.com/banners/episodes/71575/50919.jpg</thumbnail>
<animated_fanart></animated_fanart>
<fanart></fanart>
</item>

<item>
<title>18. Beaver's Library Book</title>
<meta>
  <content>episode</content>
  <imdb>tt0050032</imdb>
  <tvdb>50825</tvdb>
  <tvshowtitle>Leave It To Beaver</tvshowtitle>
  <year>1959</year>
  <title></title>
  <premiered></premiered>
  <season>3</season>
  <episode></episode>
  <summary>Ward allows Beaver to check out a book on his library card but when Beaver loses the book he becomes convinced that Ward will be put in jail, thanks to Eddie Haskell's wiseguy comments.</summary>
</meta>
<link>https://archive.org/download/leave.it.to.beaver.complete.series/Season%203/Leave%20It%20To%20Beaver%20-%20S03E18%20-%20Beaver%27s%20Library%20Book.mp4</link>
<animated_thumbnail></animated_thumbnail>
<thumbnail>https://www.thetvdb.com/banners/episodes/71575/50920.jpg</thumbnail>
<animated_fanart></animated_fanart>
<fanart></fanart>
</item>

<item>
<title>19. Wally's Election</title>
<meta>
  <content>episode</content>
  <imdb>tt0050032</imdb>
  <tvdb>50825</tvdb>
  <tvshowtitle>Leave It To Beaver</tvshowtitle>
  <year>1959</year>
  <title></title>
  <premiered></premiered>
  <season>3</season>
  <episode></episode>
  <summary>Eddie nominates Wally for class president and Wally has no interest in the position, that is until Ward gives him some encouragement. Wally quickly gets wrapped up in the election and his friends see a change in him, a change that prompts them to vote against him.</summary>
</meta>
<link>https://archive.org/download/leave.it.to.beaver.complete.series/Season%203/Leave%20It%20To%20Beaver%20-%20S03E19%20-%20Wally%27s%20Election.mp4</link>
<animated_thumbnail></animated_thumbnail>
<thumbnail>https://www.thetvdb.com/banners/episodes/71575/50921.jpg</thumbnail>
<animated_fanart></animated_fanart>
<fanart></fanart>
</item>

<item>
<title>20. Beaver and Andy</title>
<meta>
  <content>episode</content>
  <imdb>tt0050032</imdb>
  <tvdb>50825</tvdb>
  <tvshowtitle>Leave It To Beaver</tvshowtitle>
  <year>1959</year>
  <title></title>
  <premiered></premiered>
  <season>3</season>
  <episode></episode>
  <summary>An old acquaintance of Ward's stops by and offers to paint the trim on the house. However, June and Ward are both apprehensive about the prospect of an alcoholic coming in contact with Wally and Beaver, despite the fact that he says he's cleaned himself up.</summary>
</meta>
<link>https://archive.org/download/leave.it.to.beaver.complete.series/Season%203/Leave%20It%20To%20Beaver%20-%20S03E20%20-%20Beaver%20and%20Andy.mp4</link>
<animated_thumbnail></animated_thumbnail>
<thumbnail>https://www.thetvdb.com/banners/episodes/71575/50922.jpg</thumbnail>
<animated_fanart></animated_fanart>
<fanart></fanart>
</item>

<item>
<title>21. Beaver's Dance</title>
<meta>
  <content>episode</content>
  <imdb>tt0050032</imdb>
  <tvdb>50825</tvdb>
  <tvshowtitle>Leave It To Beaver</tvshowtitle>
  <year>1959</year>
  <title></title>
  <premiered></premiered>
  <season>3</season>
  <episode></episode>
  <summary>Both Beaver and Larry are forced into attending dancing school by their parents and after one lesson, they find that they absolutly detest it, like they knew they would. This prompts them to skip class next time and they hide out behind a barn until it's time to go home.</summary>
</meta>
<link>https://archive.org/download/leave.it.to.beaver.complete.series/Season%203/Leave%20It%20To%20Beaver%20-%20S03E21%20-%20Beaver%27s%20Dance.mp4</link>
<animated_thumbnail></animated_thumbnail>
<thumbnail>https://www.thetvdb.com/banners/episodes/71575/50923.jpg</thumbnail>
<animated_fanart></animated_fanart>
<fanart></fanart>
</item>

<item>
<title>22. Larry's Club</title>
<meta>
  <content>episode</content>
  <imdb>tt0050032</imdb>
  <tvdb>50825</tvdb>
  <tvshowtitle>Leave It To Beaver</tvshowtitle>
  <year>1959</year>
  <title></title>
  <premiered></premiered>
  <season>3</season>
  <episode></episode>
  <summary>Larry is furious when Beaver leaves him out when he joins a club called the Bloody Five. To get revenge, Larry makes up a story that he is starting his own club and that people are waiting in line to join. This prompts Beaver to resign from the Bloody Five and he tries to join Larry's bogus club.</summary>
</meta>
<link>https://archive.org/download/leave.it.to.beaver.complete.series/Season%203/Leave%20It%20To%20Beaver%20-%20S03E22%20-%20Larry%27s%20Club.mp4</link>
<animated_thumbnail></animated_thumbnail>
<thumbnail>https://www.thetvdb.com/banners/episodes/71575/50924.jpg</thumbnail>
<animated_fanart></animated_fanart>
<fanart></fanart>
</item>

<item>
<title>23. School Sweater</title>
<meta>
  <content>episode</content>
  <imdb>tt0050032</imdb>
  <tvdb>50825</tvdb>
  <tvshowtitle>Leave It To Beaver</tvshowtitle>
  <year>1959</year>
  <title></title>
  <premiered></premiered>
  <season>3</season>
  <episode></episode>
  <summary>Wally lends his school sweater to Frances and quickly finds getting it back is going to be difficult since the girl keeps making up excuses. Things reach a boiling point when Ward and June overhear Frances bragging to her friends how Wally is chasing after her.</summary>
</meta>
<link>https://archive.org/download/leave.it.to.beaver.complete.series/Season%203/Leave%20It%20To%20Beaver%20-%20S03E23%20-%20School%20Sweater.mp4</link>
<animated_thumbnail></animated_thumbnail>
<thumbnail>https://www.thetvdb.com/banners/episodes/71575/50925.jpg</thumbnail>
<animated_fanart></animated_fanart>
<fanart></fanart>
</item>

<item>
<title>24. The Hypnotist</title>
<meta>
  <content>episode</content>
  <imdb>tt0050032</imdb>
  <tvdb>50825</tvdb>
  <tvshowtitle>Leave It To Beaver</tvshowtitle>
  <year>1959</year>
  <title></title>
  <premiered></premiered>
  <season>3</season>
  <episode></episode>
  <summary>After seeing someone being hypnotized in a movie, Beaver sets out to do the same but Eddie wants to play a trick on Beaver and pretends Beaver has hypnotized him and Beaver gets scared when Eddie doesn't snap out of the trance.</summary>
</meta>
<link>https://archive.org/download/leave.it.to.beaver.complete.series/Season%203/Leave%20It%20To%20Beaver%20-%20S03E24%20-%20The%20Hypnotist.mp4</link>
<animated_thumbnail></animated_thumbnail>
<thumbnail>https://www.thetvdb.com/banners/episodes/71575/50926.jpg</thumbnail>
<animated_fanart></animated_fanart>
<fanart></fanart>
</item>

<item>
<title>25. Wally and Alma</title>
<meta>
  <content>episode</content>
  <imdb>tt0050032</imdb>
  <tvdb>50825</tvdb>
  <tvshowtitle>Leave It To Beaver</tvshowtitle>
  <year>1959</year>
  <title></title>
  <premiered></premiered>
  <season>3</season>
  <episode></episode>
  <summary>After drawing Alma's name for a school picnic, Wally finds himself meeting her parents and her mother takes an immediate like to Wally and begins setting him and Alma up on numerous dates then turns around and accuses Wally of monopolizing Alma's time.</summary>
</meta>
<link>https://archive.org/download/leave.it.to.beaver.complete.series/Season%203/Leave%20It%20To%20Beaver%20-%20S03E25%20-%20Wally%20and%20Alma.mp4</link>
<animated_thumbnail></animated_thumbnail>
<thumbnail>https://www.thetvdb.com/banners/episodes/71575/50927.jpg</thumbnail>
<animated_fanart></animated_fanart>
<fanart></fanart>
</item>

<item>
<title>26. Beaver's Bike</title>
<meta>
  <content>episode</content>
  <imdb>tt0050032</imdb>
  <tvdb>50825</tvdb>
  <tvshowtitle>Leave It To Beaver</tvshowtitle>
  <year>1959</year>
  <title></title>
  <premiered></premiered>
  <season>3</season>
  <episode></episode>
  <summary>Beaver asks his parents if he could ride his new bike to school instead of ride the bus, and after some hesitating they finally agree to it. However, on the first day, a naive Beaver gets his bike stolen.</summary>
</meta>
<link>https://archive.org/download/leave.it.to.beaver.complete.series/Season%203/Leave%20It%20To%20Beaver%20-%20S03E26%20-%20Beaver%27s%20Bike.mp4</link>
<animated_thumbnail></animated_thumbnail>
<thumbnail>https://www.thetvdb.com/banners/episodes/71575/50928.jpg</thumbnail>
<animated_fanart></animated_fanart>
<fanart></fanart>
</item>

<item>
<title>27. Wally's Orchid</title>
<meta>
  <content>episode</content>
  <imdb>tt0050032</imdb>
  <tvdb>50825</tvdb>
  <tvshowtitle>Leave It To Beaver</tvshowtitle>
  <year>1959</year>
  <title></title>
  <premiered></premiered>
  <season>3</season>
  <episode></episode>
  <summary>Wally asks out a rich girl who drops hints that she would like an orchid for her corsage. Wally quickly discovers that getting one is going to be more difficult then he originally thought.</summary>
</meta>
<link>https://archive.org/download/leave.it.to.beaver.complete.series/Season%203/Leave%20It%20To%20Beaver%20-%20S03E27%20-%20Wally%27s%20Orchid.mp4</link>
<animated_thumbnail></animated_thumbnail>
<thumbnail>https://www.thetvdb.com/banners/episodes/71575/50929.jpg</thumbnail>
<animated_fanart></animated_fanart>
<fanart></fanart>
</item>

<item>
<title>28. Ward's Baseball</title>
<meta>
  <content>episode</content>
  <imdb>tt0050032</imdb>
  <tvdb>50825</tvdb>
  <tvshowtitle>Leave It To Beaver</tvshowtitle>
  <year>1959</year>
  <title></title>
  <premiered></premiered>
  <season>3</season>
  <episode></episode>
  <summary>Ward's cherished autographed baseball becomes the object that Larry and Beaver just can't keep their hand off of. They decide to play catch with it and it ends up getting run over by a truck.</summary>
</meta>
<link>https://archive.org/download/leave.it.to.beaver.complete.series/Season%203/Leave%20It%20To%20Beaver%20-%20S03E28%20-%20Ward%27s%20Baseball.mp4</link>
<animated_thumbnail></animated_thumbnail>
<thumbnail>https://www.thetvdb.com/banners/episodes/71575/50930.jpg</thumbnail>
<animated_fanart></animated_fanart>
<fanart></fanart>
</item>

<item>
<title>29. Beaver's Monkey</title>
<meta>
  <content>episode</content>
  <imdb>tt0050032</imdb>
  <tvdb>50825</tvdb>
  <tvshowtitle>Leave It To Beaver</tvshowtitle>
  <year>1959</year>
  <title></title>
  <premiered></premiered>
  <season>3</season>
  <episode></episode>
  <summary>Beaver wants a pet and when Ward and June object to his latest one, a mouse. They tell him they can have a sensible pet, so when Beaver and Larry see an ad at the market giving away a free monkey, Beaver jumps at the chance and Ward and June find their house the new home for Stanley, the Monkey.</summary>
</meta>
<link>https://archive.org/download/leave.it.to.beaver.complete.series/Season%203/Leave%20It%20To%20Beaver%20-%20S03E29%20-%20Beaver%27s%20Monkey.mp4</link>
<animated_thumbnail></animated_thumbnail>
<thumbnail>https://www.thetvdb.com/banners/episodes/71575/50931.jpg</thumbnail>
<animated_fanart></animated_fanart>
<fanart></fanart>
</item>

<item>
<title>30. Beaver Finds a Wallet</title>
<meta>
  <content>episode</content>
  <imdb>tt0050032</imdb>
  <tvdb>50825</tvdb>
  <tvshowtitle>Leave It To Beaver</tvshowtitle>
  <year>1959</year>
  <title></title>
  <premiered></premiered>
  <season>3</season>
  <episode></episode>
  <summary>Beaver and Larry find a wallet that contains $89 while on their way to the grocery store to pick up some groceries for June. Surprisingly, Beaver and Larry decide to turn it in at the police station and Beaver finds himself waiting an agonizing week to see if he can keep the money.</summary>
</meta>
<link>https://archive.org/download/leave.it.to.beaver.complete.series/Season%203/Leave%20It%20To%20Beaver%20-%20S03E30%20-%20Beaver%20Finds%20a%20Wallet.mp4</link>
<animated_thumbnail></animated_thumbnail>
<thumbnail>https://www.thetvdb.com/banners/episodes/71575/50932.jpg</thumbnail>
<animated_fanart></animated_fanart>
<fanart></fanart>
</item>

<item>
<title>31. Mother's Day Composition</title>
<meta>
  <content>episode</content>
  <imdb>tt0050032</imdb>
  <tvdb>50825</tvdb>
  <tvshowtitle>Leave It To Beaver</tvshowtitle>
  <year>1959</year>
  <title></title>
  <premiered></premiered>
  <season>3</season>
  <episode></episode>
  <summary>Beaver must write a composition about his mother but soon finds himself the only one with a seemingly ""boring"" mother while Richard, Larry and Judy have colorful mothers. Beaver decides to make his mother colorful too even if it means making up things.</summary>
</meta>
<link>https://archive.org/download/leave.it.to.beaver.complete.series/Season%203/Leave%20It%20To%20Beaver%20-%20S03E31%20-%20Mother%27s%20Day%20Composition.mp4</link>
<animated_thumbnail></animated_thumbnail>
<thumbnail>https://www.thetvdb.com/banners/episodes/71575/50933.jpg</thumbnail>
<animated_fanart></animated_fanart>
<fanart></fanart>
</item>

<item>
<title>32. Beaver and Violet</title>
<meta>
  <content>episode</content>
  <imdb>tt0050032</imdb>
  <tvdb>50825</tvdb>
  <tvshowtitle>Leave It To Beaver</tvshowtitle>
  <year>1959</year>
  <title></title>
  <premiered></premiered>
  <season>3</season>
  <episode></episode>
  <summary>Beaver finds himself in a most uncomfortable situation when Fred Rutherford practically plays matchmaker and pairs Beaver up with his daughter Violet. Fred organizes a picnic and invites the Cleavers which is where the situation culminates into Beaver getting kissed by Violet.</summary>
</meta>
<link>https://archive.org/download/leave.it.to.beaver.complete.series/Season%203/Leave%20It%20To%20Beaver%20-%20S03E32%20-%20Beaver%20and%20Violet.mp4</link>
<animated_thumbnail></animated_thumbnail>
<thumbnail>https://www.thetvdb.com/banners/episodes/71575/50934.jpg</thumbnail>
<animated_fanart></animated_fanart>
<fanart></fanart>
</item>

<item>
<title>33. The Spot Removers</title>
<meta>
  <content>episode</content>
  <imdb>tt0050032</imdb>
  <tvdb>50825</tvdb>
  <tvshowtitle>Leave It To Beaver</tvshowtitle>
  <year>1959</year>
  <title></title>
  <premiered></premiered>
  <season>3</season>
  <episode></episode>
  <summary>For an upcoming dance, Wally is ready to wear a grey suit but when Beaver brings his new friend Richard over to the house, he accidentally spills oil on it, leaving a big stain. This leads Richard and Beaver to try to bleach the stain out with disastrous results. Beaver finds himself with another problem, when later, Eddie discovers what Beaver is hiding from Wally.</summary>
</meta>
<link>https://archive.org/download/leave.it.to.beaver.complete.series/Season%203/Leave%20It%20To%20Beaver%20-%20S03E33%20-%20The%20Spot%20Removers.mp4</link>
<animated_thumbnail></animated_thumbnail>
<thumbnail>https://www.thetvdb.com/banners/episodes/71575/50935.jpg</thumbnail>
<animated_fanart></animated_fanart>
<fanart></fanart>
</item>

<item>
<title>34. Beaver, the Model</title>
<meta>
  <content>episode</content>
  <imdb>tt0050032</imdb>
  <tvdb>50825</tvdb>
  <tvshowtitle>Leave It To Beaver</tvshowtitle>
  <year>1959</year>
  <title></title>
  <premiered></premiered>
  <season>3</season>
  <episode></episode>
  <summary>Beaver sends his picture in to a modeling agency and they reply with a letter stating they will place his photo in a modeling directory. Soon after Beaver recieves another letter this time asking for $30 and when Beaver ignores it, the company threatens legal action.</summary>
</meta>
<link>https://archive.org/download/leave.it.to.beaver.complete.series/Season%203/Leave%20It%20To%20Beaver%20-%20S03E34%20-%20Beaver%20the%20Model.mp4</link>
<animated_thumbnail></animated_thumbnail>
<thumbnail>https://www.thetvdb.com/banners/episodes/71575/50936.jpg</thumbnail>
<animated_fanart></animated_fanart>
<fanart></fanart>
</item>

<item>
<title>35. Wally, the Businessman</title>
<meta>
  <content>episode</content>
  <imdb>tt0050032</imdb>
  <tvdb>50825</tvdb>
  <tvshowtitle>Leave It To Beaver</tvshowtitle>
  <year>1959</year>
  <title></title>
  <premiered></premiered>
  <season>3</season>
  <episode></episode>
  <summary>Wally gets a job selling Igloo ice cream and quickly finds himself giving credit to everyone, including Eddie. However, as the day approaches that his money is to be collected, Wally scrambles to get those who owe him money, to pay up.</summary>
</meta>
<link>https://archive.org/download/leave.it.to.beaver.complete.series/Season%203/Leave%20It%20To%20Beaver%20-%20S03E35%20-%20Wally%20the%20Businessman.mp4</link>
<animated_thumbnail></animated_thumbnail>
<thumbnail>https://www.thetvdb.com/banners/episodes/71575/50937.jpg</thumbnail>
<animated_fanart></animated_fanart>
<fanart></fanart>
</item>

<item>
<title>36. Beaver and Ivanhoe</title>
<meta>
  <content>episode</content>
  <imdb>tt0050032</imdb>
  <tvdb>50825</tvdb>
  <tvshowtitle>Leave It To Beaver</tvshowtitle>
  <year>1959</year>
  <title></title>
  <premiered></premiered>
  <season>3</season>
  <episode></episode>
  <summary>Assigned to read one more book before the end of the school year, Ward suggests Ivanhoe, and Beaver reads it and takes the ideas of knighthood and chivalry to heart. He begins defending girls and begins charging his friends to make them knights.</summary>
</meta>
<link>https://archive.org/download/leave.it.to.beaver.complete.series/Season%203/Leave%20It%20To%20Beaver%20-%20S03E36%20-%20Beaver%20and%20Ivanhoe.mp4</link>
<animated_thumbnail></animated_thumbnail>
<thumbnail>https://www.thetvdb.com/banners/episodes/71575/50938.jpg</thumbnail>
<animated_fanart></animated_fanart>
<fanart></fanart>
</item>

<item>
<title>37. Wally's Play</title>
<meta>
  <content>episode</content>
  <imdb>tt0050032</imdb>
  <tvdb>50825</tvdb>
  <tvshowtitle>Leave It To Beaver</tvshowtitle>
  <year>1959</year>
  <title></title>
  <premiered></premiered>
  <season>3</season>
  <episode></episode>
  <summary>Wally has joined an all male club at school and learns that they are putting on a play and he's not too happy when he learns that the part he's supposed to play is that of a chorus girl. Later, Beaver and Gilbert make matters worse when they stumble upon Wally's costume, a dress.</summary>
</meta>
<link>https://archive.org/download/leave.it.to.beaver.complete.series/Season%203/Leave%20It%20To%20Beaver%20-%20S03E37%20-%20Wally%27s%20Play.mp4</link>
<animated_thumbnail></animated_thumbnail>
<thumbnail>https://www.thetvdb.com/banners/episodes/71575/50939.jpg</thumbnail>
<animated_fanart></animated_fanart>
<fanart></fanart>
</item>

<item>
<title>38. The Last Day of School</title>
<meta>
  <content>episode</content>
  <imdb>tt0050032</imdb>
  <tvdb>50825</tvdb>
  <tvshowtitle>Leave It To Beaver</tvshowtitle>
  <year>1959</year>
  <title></title>
  <premiered></premiered>
  <season>3</season>
  <episode></episode>
  <summary>The last day of school has each one of Miss Landers' students bringing her a gift. June orders some nice hankerchiefs for for the gift and a slip for herself. Beaver mistakes the slip as the gift for Miss Landers' and debates on whether or not to give her this very "personal" gift.</summary>
</meta>
<link>https://archive.org/download/leave.it.to.beaver.complete.series/Season%203/Leave%20It%20To%20Beaver%20-%20S03E38%20-%20Last%20Day%20of%20School.mp4</link>
<animated_thumbnail></animated_thumbnail>
<thumbnail>https://www.thetvdb.com/banners/episodes/71575/50940.jpg</thumbnail>
<animated_fanart></animated_fanart>
<fanart></fanart>
</item>

<item>
<title>39. Beaver's Team</title>
<meta>
  <content>episode</content>
  <imdb>tt0050032</imdb>
  <tvdb>50825</tvdb>
  <tvshowtitle>Leave It To Beaver</tvshowtitle>
  <year>1959</year>
  <title></title>
  <premiered></premiered>
  <season>3</season>
  <episode></episode>
  <summary>While coaching Beaver's football team, Wally makes up a secret play and Beaver just happens to mention it to Penny who inadvertently passes it on to the opposing team.</summary>
</meta>
<link>https://archive.org/download/leave.it.to.beaver.complete.series/Season%203/Leave%20It%20To%20Beaver%20-%20S03E39%20-%20Beaver%27s%20Team.mp4</link>
<animated_thumbnail></animated_thumbnail>
<thumbnail>https://www.thetvdb.com/banners/episodes/71575/50941.jpg</thumbnail>
<animated_fanart></animated_fanart>
<fanart></fanart>
</item>