# Created by Papaw
<item>
<title>Pilot - It's A Small World</title>
<meta>
  <content>episode</content>
  <imdb>tt0050032</imdb>
  <tvdb>438911</tvdb>
  <tvshowtitle>Leave It To Beaver</tvshowtitle>
  <year>1957</year>
  <title>It's A Small World</title>
  <premiered></premiered>
  <season>00/season>
  <episode>01</episode>
  <summary>Wally and Beaver want a new bicycle. Frankie Bennett, a mischievous boy, tells them new bikes can be had a local dairy in exchange for 1,000 bottle caps from the company's products. The boys collect the bottle caps, but, in attempting to redeem them, learn they've been duped. Ward takes pity on the boys and buys them a bicycle.</summary>
</meta>
<link>https://archive.org/download/leave.it.to.beaver.complete.series/Season%201/Leave%20It%20To%20Beaver%20-%20S01E00%20-%20Pilot%20It%27s%20A%20Small%20World.mp4</link>
<animated_thumbnail></animated_thumbnail>
<thumbnail>https://www.thetvdb.com/banners/episodes/71575/438911.jpg</thumbnail>
<animated_fanart></animated_fanart>
<fanart></fanart>
</item>

<item>
<title>01. Beaver Gets 'Spelled</title>
<meta>
  <content>episode</content>
  <imdb>tt0050032</imdb>
  <tvdb>50825</tvdb>
  <tvshowtitle>Leave It To Beaver</tvshowtitle>
  <year>1957</year>
  <title></title>
  <premiered></premiered>
  <season>01</season>
  <episode>01</episode>
  <summary>Beaver's teacher, Miss Canfield, sends a note home with Beaver and the other kids convince him that it's news that he's getting kicked out of school. Beaver and Wally take steps to hide the note from Ward and June.</summary>
</meta>
<link>https://archive.org/download/leave.it.to.beaver.complete.series/Season%201/Leave%20It%20To%20Beaver%20-%20S01E01%20-%20Beaver%20Gets%20%27Spelled%27.mp4</link>
<animated_thumbnail></animated_thumbnail>
<thumbnail>https://www.thetvdb.com/banners/episodes/71575/50825.jpg</thumbnail>
<animated_fanart></animated_fanart>
<fanart></fanart>
</item>

<item>
<title>02. Captain Jack</title>
<meta>
  <content>episode</content>
  <imdb>tt0050032</imdb>
  <tvdb>50825</tvdb>
  <tvshowtitle>Leave It To Beaver</tvshowtitle>
  <year>1957</year>
  <title></title>
  <premiered></premiered>
  <season>01</season>
  <episode>02</episode>
  <summary>Beaver and Wally send away for an alligator and they secretly keep it in the bathroom. When the alligator falls ill, the boys get some advice from Captain Jack, an owner of an alligator farm. However, keeping him a secret is going to be hard, the alligator is growing and they need a new place to keep him without June and Ward finding out.</summary>
</meta>
<link>https://archive.org/download/leave.it.to.beaver.complete.series/Season%201/Leave%20It%20To%20Beaver%20-%20S01E02%20-%20Captain%20Jack.mp4</link>
<animated_thumbnail></animated_thumbnail>
<thumbnail>https://www.thetvdb.com/banners/episodes/71575/50826.jpg</thumbnail>
<animated_fanart></animated_fanart>
<fanart></fanart>
</item>

<item>
<title>03. The Black Eye</title>
<meta>
  <content>episode</content>
  <imdb>tt0050032</imdb>
  <tvdb>50825</tvdb>
  <tvshowtitle>Leave It To Beaver</tvshowtitle>
  <year>1957</year>
  <title></title>
  <premiered></premiered>
  <season>01</season>
  <episode>03</episode>
  <summary>Beaver comes home with a black eye and Ward is upset when he learns that Beaver didn't fight back. This leads Ward to teach Beaver how to defend himself. Little does Ward know that the person who punched Beaver is a girl, Violet Rutherford, the daughter of one of Ward's co-workers.</summary>
</meta>
<link>https://archive.org/download/leave.it.to.beaver.complete.series/Season%201/Leave%20It%20To%20Beaver%20-%20S01E03%20-%20The%20Black%20Eye.mp4</link>
<animated_thumbnail></animated_thumbnail>
<thumbnail>https://www.thetvdb.com/banners/episodes/71575/50827.jpg</thumbnail>
<animated_fanart></animated_fanart>
<fanart></fanart>
</item>

<item>
<title>04. The Haircut</title>
<meta>
  <content>episode</content>
  <imdb>tt0050032</imdb>
  <tvdb>50825</tvdb>
  <tvshowtitle>Leave It To Beaver</tvshowtitle>
  <year>1957</year>
  <title></title>
  <premiered></premiered>
  <season>01</season>
  <episode>04</episode>
  <summary>After losing his lunch money for three days in a row, Ward gives Beaver one last chance by letting him handle his haircut money. However, when he loses that too, Beaver decides to give himself a haircut just days before he's scheduled to be an angel in a play.</summary>
</meta>
<link>https://archive.org/download/leave.it.to.beaver.complete.series/Season%201/Leave%20It%20To%20Beaver%20-%20S01E04%20-%20The%20Haircut.mp4</link>
<animated_thumbnail></animated_thumbnail>
<thumbnail>https://www.thetvdb.com/banners/episodes/71575/50828.jpg</thumbnail>
<animated_fanart></animated_fanart>
<fanart></fanart>
</item>

<item>
<title>05. New Neighbors</title>
<meta>
  <content>episode</content>
  <imdb>tt0050032</imdb>
  <tvdb>50825</tvdb>
  <tvshowtitle>Leave It To Beaver</tvshowtitle>
  <year>1957</year>
  <title></title>
  <premiered></premiered>
  <season>01</season>
  <episode>05</episode>
  <summary>The Cleavers have new neighbors, the Donaldsons, and June sends Beaver over to welcome them with a vase of flowers. However, when Mrs. Donaldson thanks Beaver by kissing him on the cheek, Beaver becomes convinced that Mr. Donaldson will kill him because he let a married woman kiss him, and it's all thanks to Eddie Haskell, who planted that idea in Beaver's mind.</summary>
</meta>
<link>https://archive.org/download/leave.it.to.beaver.complete.series/Season%201/Leave%20It%20To%20Beaver%20-%20S01E05%20-%20New%20Neighbors.mp4</link>
<animated_thumbnail></animated_thumbnail>
<thumbnail>https://www.thetvdb.com/banners/episodes/71575/50829.jpg</thumbnail>
<animated_fanart></animated_fanart>
<fanart></fanart>
</item>

<item>
<title>06. Brotherly Love</title>
<meta>
  <content>episode</content>
  <imdb>tt0050032</imdb>
  <tvdb>50825</tvdb>
  <tvshowtitle>Leave It To Beaver</tvshowtitle>
  <year>1957</year>
  <title></title>
  <premiered></premiered>
  <season>01</season>
  <episode>06</episode>
  <summary>June has had it with Wally and Beaver's fighting and demands they make a pact to be nice to one another and do things together. However, when each boy gets an invitation for individual social outings, they each attempt to break the pact.</summary>
</meta>
<link>https://archive.org/download/leave.it.to.beaver.complete.series/Season%201/Leave%20It%20To%20Beaver%20-%20S01E06%20-%20Brotherly%20Love.mp4</link>
<animated_thumbnail></animated_thumbnail>
<thumbnail>https://www.thetvdb.com/banners/episodes/71575/50830.jpg</thumbnail>
<animated_fanart></animated_fanart>
<fanart></fanart>
</item>

<item>
<title>07. Water, Anyone?</title>
<meta>
  <content>episode</content>
  <imdb>tt0050032</imdb>
  <tvdb>50825</tvdb>
  <tvshowtitle>Leave It To Beaver</tvshowtitle>
  <year>1957</year>
  <title></title>
  <premiered></premiered>
  <season>01</season>
  <episode>07</episode>
  <summary>Wally and his friends are trying to earn enough money to buy baseball uniforms. They put a plan into action by doing their chores at a slow pace in order to maximize their hourly pay. Meanwhile, Beaver, also wanting to be on the team, begins selling water to his family and neighbors.</summary>
</meta>
<link>https://archive.org/download/leave.it.to.beaver.complete.series/Season%201/Leave%20It%20To%20Beaver%20-%20S01E07%20-%20Water%2C%20Anyone.mp4</link>
<animated_thumbnail></animated_thumbnail>
<thumbnail>https://www.thetvdb.com/banners/episodes/71575/50831.jpg</thumbnail>
<animated_fanart></animated_fanart>
<fanart></fanart>
</item>

<item>
<title>08. Beaver's Crush</title>
<meta>
  <content>episode</content>
  <imdb>tt0050032</imdb>
  <tvdb>50825</tvdb>
  <tvshowtitle>Leave It To Beaver</tvshowtitle>
  <year>1957</year>
  <title></title>
  <premiered></premiered>
  <season>01</season>
  <episode>08</episode>
  <summary>Beaver has a crush on his teacher, Miss Canfield. When Judy, Whitey and Larry tease him for being a 'teacher's pet,' Beaver tries to prove them wrong and places a spring snake in her desk. However, Beaver has second thoughts and becomes determined to remove the snake before she finds it.</summary>
</meta>
<link>https://archive.org/download/leave.it.to.beaver.complete.series/Season%201/Leave%20It%20To%20Beaver%20-%20S01E08%20-%20Beaver%27s%20Crush.mp4</link>
<animated_thumbnail></animated_thumbnail>
<thumbnail>https://www.thetvdb.com/banners/episodes/71575/50832.jpg</thumbnail>
<animated_fanart></animated_fanart>
<fanart></fanart>
</item>

<item>
<title>09. The Clubhouse</title>
<meta>
  <content>episode</content>
  <imdb>tt0050032</imdb>
  <tvdb>50825</tvdb>
  <tvshowtitle>Leave It To Beaver</tvshowtitle>
  <year>1957</year>
  <title></title>
  <premiered></premiered>
  <season>01</season>
  <episode>09</episode>
  <summary>Wally and his friends build a clubhouse and Beaver wants to join. Although the dues are $1 for 8th graders, Beaver has to come up with $3 in order to join their club. How can Beaver earn the money?</summary>
</meta>
<link>https://archive.org/download/leave.it.to.beaver.complete.series/Season%201/Leave%20It%20To%20Beaver%20-%20S01E09%20-%20The%20Clubhouse.mp4</link>
<animated_thumbnail></animated_thumbnail>
<thumbnail>https://www.thetvdb.com/banners/episodes/71575/50833.jpg</thumbnail>
<animated_fanart></animated_fanart>
<fanart></fanart>
</item>

<item>
<title>10. Wally's Girl Trouble</title>
<meta>
  <content>episode</content>
  <imdb>tt0050032</imdb>
  <tvdb>50825</tvdb>
  <tvshowtitle>Leave It To Beaver</tvshowtitle>
  <year>1957</year>
  <title></title>
  <premiered></premiered>
  <season>01</season>
  <episode>10</episode>
  <summary>Wally and Beaver dread attending dance school, so when suddenly Wally takes a liking in it, June and Ward are dumbfounded. It seems Wally has developed a crush on a girl named Penny and Beaver soon feels neglected and left out when Wally begins spending all his time with her.</summary>
</meta>
<link>https://archive.org/download/leave.it.to.beaver.complete.series/Season%201/Leave%20It%20To%20Beaver%20-%20S01E10%20-%20Wally%27s%20Girl%20Trouble.mp4</link>
<animated_thumbnail></animated_thumbnail>
<thumbnail>https://www.thetvdb.com/banners/episodes/71575/50834.jpg</thumbnail>
<animated_fanart></animated_fanart>
<fanart></fanart>
</item>

<item>
<title>11. Beaver's Short Pants</title>
<meta>
  <content>episode</content>
  <imdb>tt0050032</imdb>
  <tvdb>50825</tvdb>
  <tvshowtitle>Leave It To Beaver</tvshowtitle>
  <year>1957</year>
  <title></title>
  <premiered></premiered>
  <season>01</season>
  <episode></episode>
  <summary>When June goes on a trip to visit her sister, Peggy, June's Aunt Martha steps in and stays with Ward and the boys. Ward and the boys do their best not to hurt Martha's feelings, but Beaver has the hardest time when she buys him a suit, knee socks, a cap, and short pants and makes him wear the outfit to school.</summary>
</meta>
<link>https://archive.org/download/leave.it.to.beaver.complete.series/Season%201/Leave%20It%20To%20Beaver%20-%20S01E11%20-%20Beaver%27s%20Short%20Pants.mp4</link>
<animated_thumbnail></animated_thumbnail>
<thumbnail>https://www.thetvdb.com/banners/episodes/71575/50835.jpg</thumbnail>
<animated_fanart></animated_fanart>
<fanart></fanart>
</item>

<item>
<title>12. The Perfume Salesmen</title>
<meta>
  <content>episode</content>
  <imdb>tt0050032</imdb>
  <tvdb>50825</tvdb>
  <tvshowtitle>Leave It To Beaver</tvshowtitle>
  <year>1957</year>
  <title></title>
  <premiered></premiered>
  <season>01</season>
  <episode></episode>
  <summary>Wally and Beaver want to win a fancy film projector. In order to get it they have to sell 24 bottles of perfume. However, the appalling aroma of the perfume quickly leads to zero sales and has Ward trying to think up a sales gimmick.</summary>
</meta>
<link>https://archive.org/download/leave.it.to.beaver.complete.series/Season%201/Leave%20It%20To%20Beaver%20-%20S01E12%20-%20The%20Perfume%20Salesmen.mp4</link>
<animated_thumbnail></animated_thumbnail>
<thumbnail>https://www.thetvdb.com/banners/episodes/71575/50836.jpg</thumbnail>
<animated_fanart></animated_fanart>
<fanart></fanart>
</item>

<item>
<title>13. Voodoo Magic</title>
<meta>
  <content>episode</content>
  <imdb>tt0050032</imdb>
  <tvdb>50825</tvdb>
  <tvshowtitle>Leave It To Beaver</tvshowtitle>
  <year>1957</year>
  <title></title>
  <premiered></premiered>
  <season>01</season>
  <episode></episode>
  <summary>June and Ward make Wally and Beaver promise that they won't go to the movies and see a scary movie. However, Wally and Beaver are talked into seeing it, thanks to Wally's so-called best friend, Eddie Haskell. The movie has quite an influence on Beaver, who makes a voodoo doll, names it Eddie Haskell, and sticks it with pins.</summary>
</meta>
<link>https://archive.org/download/leave.it.to.beaver.complete.series/Season%201/Leave%20It%20To%20Beaver%20-%20S01E13%20-%20Voodoo%20Magic.mp4</link>
<animated_thumbnail></animated_thumbnail>
<thumbnail>https://www.thetvdb.com/banners/episodes/71575/50837.jpg</thumbnail>
<animated_fanart></animated_fanart>
<fanart></fanart>
</item>

<item>
<title>14. Part Time Genius</title>
<meta>
  <content>episode</content>
  <imdb>tt0050032</imdb>
  <tvdb>50825</tvdb>
  <tvshowtitle>Leave It To Beaver</tvshowtitle>
  <year>1957</year>
  <title></title>
  <premiered></premiered>
  <season>01</season>
  <episode></episode>
  <summary>After taking an IQ test, Beaver scores the highest in his class and Mrs. Rayburn suggests that it would be best if Beaver went to a special school where his abilities can be challenged. However, little does anyone know that everything is not as it seems.</summary>
</meta>
<link>https://archive.org/download/leave.it.to.beaver.complete.series/Season%201/Leave%20It%20To%20Beaver%20-%20S01E14%20-%20Part%20Time%20Genius.mp4</link>
<animated_thumbnail></animated_thumbnail>
<thumbnail>https://www.thetvdb.com/banners/episodes/71575/50838.jpg</thumbnail>
<animated_fanart></animated_fanart>
<fanart></fanart>
</item>

<item>
<title>15. Party Invitation</title>
<meta>
  <content>episode</content>
  <imdb>tt0050032</imdb>
  <tvdb>50825</tvdb>
  <tvshowtitle>Leave It To Beaver</tvshowtitle>
  <year>1957</year>
  <title></title>
  <premiered></premiered>
  <season>01</season>
  <episode></episode>
  <summary>Beaver is invited to Linda Dennison's birthday party and quickly discovers that he is the only boy that she invited. Fearing for his reputation, Beaver tries his best to get out of attending, but June and Ward are insistent, not aware of the situation Beaver's in.</summary>
</meta>
<link>https://archive.org/download/leave.it.to.beaver.complete.series/Season%201/Leave%20It%20To%20Beaver%20-%20S01E15%20-%20Party%20Invitation.mp4</link>
<animated_thumbnail></animated_thumbnail>
<thumbnail>https://www.thetvdb.com/banners/episodes/71575/50839.jpg</thumbnail>
<animated_fanart></animated_fanart>
<fanart></fanart>
</item>

<item>
<title>16. Lumpy Rutherford</title>
<meta>
  <content>episode</content>
  <imdb>tt0050032</imdb>
  <tvdb>50825</tvdb>
  <tvshowtitle>Leave It To Beaver</tvshowtitle>
  <year>1957</year>
  <title></title>
  <premiered></premiered>
  <season>01</season>
  <episode></episode>
  <summary>The local bully, Lumpy Rutherford, has been picking on Beaver and Wally and, thanks to a story Ward tells them, decides to play a joke on Lumpy. However, their ploy catches the wrong person, Lumpy's father and Ward's co-worker Fred Rutherford, is caught in the trap.</summary>
</meta>
<link>https://archive.org/download/leave.it.to.beaver.complete.series/Season%201/Leave%20It%20To%20Beaver%20-%20S01E16%20-%20Lumpy%20Rutherford.mp4</link>
<animated_thumbnail></animated_thumbnail>
<thumbnail>https://www.thetvdb.com/banners/episodes/71575/50840.jpg</thumbnail>
<animated_fanart></animated_fanart>
<fanart></fanart>
</item>

<item>
<title>17. The Paper Route</title>
<meta>
  <content>episode</content>
  <imdb>tt0050032</imdb>
  <tvdb>50825</tvdb>
  <tvshowtitle>Leave It To Beaver</tvshowtitle>
  <year>1957</year>
  <title></title>
  <premiered></premiered>
  <season>01</season>
  <episode></episode>
  <summary>Wally and Beaver want to get brand new bike and they ask Ward for some money. He suggests that they earn the money. This leads Wally and Beaver to get a job delivering papers. Later, while trying to help the boys out, Ward and June inadvertently almost get Wally and Beaver fired.</summary>
</meta>
<link>https://archive.org/download/leave.it.to.beaver.complete.series/Season%201/Leave%20It%20To%20Beaver%20-%20S01E17%20-%20The%20Paper%20Route.mp4</link>
<animated_thumbnail></animated_thumbnail>
<thumbnail>https://www.thetvdb.com/banners/episodes/71575/50841.jpg</thumbnail>
<animated_fanart></animated_fanart>
<fanart></fanart>
</item>

<item>
<title>18. Child Care</title>
<meta>
  <content>episode</content>
  <imdb>tt0050032</imdb>
  <tvdb>50825</tvdb>
  <tvshowtitle>Leave It To Beaver</tvshowtitle>
  <year>1957</year>
  <title></title>
  <premiered></premiered>
  <season>01</season>
  <episode></episode>
  <summary>After Ward's bragging about Wally and Beaver being responsible, Herb and Janet Wilson assume that it would be all right to leave their 4-year old daughter in Wally and Beaver's care while they go out to a party with Ward and June. Trouble begins when the youngster locks herself in the bathroom.</summary>
</meta>
<link>https://archive.org/download/leave.it.to.beaver.complete.series/Season%201/Leave%20It%20To%20Beaver%20-%20S01E18%20-%20Child%20Care.mp4</link>
<animated_thumbnail></animated_thumbnail>
<thumbnail>https://www.thetvdb.com/banners/episodes/71575/50842.jpg</thumbnail>
<animated_fanart></animated_fanart>
<fanart></fanart>
</item>

<item>
<title>19. The Bank Account</title>
<meta>
  <content>episode</content>
  <imdb>tt0050032</imdb>
  <tvdb>50825</tvdb>
  <tvshowtitle>Leave It To Beaver</tvshowtitle>
  <year>1957</year>
  <title></title>
  <premiered></premiered>
  <season>01</season>
  <episode></episode>
  <summary>Ward tries to teach Wally and Beaver the importance of saving by giving them a piggy bank. The boys quickly save up a handful of change and are all ready to spend it on some baseball equipment. However, unknown to their parents, they change their minds and decide to spend the money on a most unselfish gift.</summary>
</meta>
<link>https://archive.org/download/leave.it.to.beaver.complete.series/LeaveItToBeaver-s01ep19-theBankAccount.mp4</link>
<animated_thumbnail></animated_thumbnail>
<thumbnail>https://www.thetvdb.com/banners/episodes/71575/50843.jpg</thumbnail>
<animated_fanart></animated_fanart>
<fanart></fanart>
</item>

<item>
<title>20. Lonesome Beaver</title>
<meta>
  <content>episode</content>
  <imdb>tt0050032</imdb>
  <tvdb>50825</tvdb>
  <tvshowtitle>Leave It To Beaver</tvshowtitle>
  <year>1957</year>
  <title></title>
  <premiered></premiered>
  <season>01</season>
  <episode></episode>
  <summary>Wally goes away on a trip with the Boy Scout troop that he belongs to, leaving a lonesome Beaver behind. Finding his friends to be busy, Beaver takes up other means to make the time go by.</summary>
</meta>
<link>https://archive.org/download/leave.it.to.beaver.complete.series/LeaveItToBeaver-s01ep20-lonesomeBeaver.mp4</link>
<animated_thumbnail></animated_thumbnail>
<thumbnail>https://www.thetvdb.com/banners/episodes/71575/50844.jpg</thumbnail>
<animated_fanart></animated_fanart>
<fanart></fanart>
</item>

<item>
<title>21.Cleaning Up Beaver</title>
<meta>
  <content>episode</content>
  <imdb>tt0050032</imdb>
  <tvdb>50825</tvdb>
  <tvshowtitle>Leave It To Beaver</tvshowtitle>
  <year>1957</year>
  <title></title>
  <premiered></premiered>
  <season>01</season>
  <episode></episode>
  <summary>Wally begins to outgrow his "sloppy" faze and becomes much neater. This is noticed by Ward and June who try to encourage Beaver to undergo the same transformation. However, Beaver changing like that just seems too extraordinary of a task.</summary>
</meta>
<link>https://archive.org/download/leave.it.to.beaver.complete.series/Season%201/Leave%20It%20To%20Beaver%20-%20S01E21%20-%20Cleaning%20Up%20Beaver.mp4</link>
<animated_thumbnail></animated_thumbnail>
<thumbnail>https://www.thetvdb.com/banners/episodes/71575/50845.jpg</thumbnail>
<animated_fanart></animated_fanart>
<fanart></fanart>
</item>

<item>
<title>22.The Perfect Father</title>
<meta>
  <content>episode</content>
  <imdb>tt0050032</imdb>
  <tvdb>50825</tvdb>
  <tvshowtitle>Leave It To Beaver</tvshowtitle>
  <year>1957</year>
  <title></title>
  <premiered></premiered>
  <season>01</season>
  <episode></episode>
  <summary>Ward becomes a bit jealous when Wally and Beaver begin spending time playing basketball at Willie Dennison's house after Willie's dad put up a backboard and a basket. This prompts Ward to do the same thing but it just seems like things are working against him being the perfect father.</summary>
</meta>
<link>https://archive.org/download/leave.it.to.beaver.complete.series/Season%201/Leave%20It%20To%20Beaver%20-%20S01E22%20-%20The%20Perfect%20Father.mp4</link>
<animated_thumbnail></animated_thumbnail>
<thumbnail>https://www.thetvdb.com/banners/episodes/71575/50846.jpg</thumbnail>
<animated_fanart></animated_fanart>
<fanart></fanart>
</item>

<item>
<title>23.Beaver and Poncho</title>
<meta>
  <content>episode</content>
  <imdb>tt0050032</imdb>
  <tvdb>50825</tvdb>
  <tvshowtitle>Leave It To Beaver</tvshowtitle>
  <year>1957</year>
  <title></title>
  <premiered></premiered>
  <season>01</season>
  <episode></episode>
  <summary>Beaver makes a trade with Larry Mondello: a glass doorknob for a Chihuahua. Larry found the dog in his garbage can, so when Beaver brings it home, Ward immediately breaks the news that he's going to place an ad in the lost and found and that Beaver probably won't be able to keep the dog. Despite this, Beaver quickly begins to grow close to the little pooch.</summary>
</meta>
<link>https://archive.org/download/leave.it.to.beaver.complete.series/Season%201/Leave%20It%20To%20Beaver%20-%20S01E23%20-%20Beaver%20And%20Poncho.mp4</link>
<animated_thumbnail></animated_thumbnail>
<thumbnail>https://www.thetvdb.com/banners/episodes/71575/50847.jpg</thumbnail>
<animated_fanart></animated_fanart>
<fanart></fanart>
</item>

<item>
<title>24. The State vs. Beaver</title>
<meta>
  <content>episode</content>
  <imdb>tt0050032</imdb>
  <tvdb>50825</tvdb>
  <tvshowtitle>Leave It To Beaver</tvshowtitle>
  <year>1957</year>
  <title></title>
  <premiered></premiered>
  <season>01</season>
  <episode></episode>
  <summary>Ward helps Beaver and Wally build a miniature race car powered by a lawn mower motor and Ward makes the boys promise not to use it without him being with them. Later, Larry talks Beaver into taking it for a spin resulting in being pulled over by a traffic officer.</summary>
</meta>
<link>https://archive.org/download/leave.it.to.beaver.complete.series/LeaveItToBeaver-s01ep24-theStateVsBeaver.mp4</link>
<animated_thumbnail></animated_thumbnail>
<thumbnail>https://www.thetvdb.com/banners/episodes/71575/50848.jpg</thumbnail>
<animated_fanart></animated_fanart>
<fanart></fanart>
</item>


<item>
<title>25. The Broken Window</title>
<meta>
  <content>episode</content>
  <imdb>tt0050032</imdb>
  <tvdb>50825</tvdb>
  <tvshowtitle>Leave It To Beaver</tvshowtitle>
  <year>1957</year>
  <title></title>
  <premiered></premiered>
  <season>01</season>
  <episode></episode>
  <summary>While playing baseball in the street with Wally, Chester and Tooey, Eddie hits a baseball through the Cleaver's window resulting in Ward forbidding the boys to play baseball so close to the house. However, later, Beaver talks Wally into pitching one, but this results in a broken car window.</summary>
</meta>
<link>https://archive.org/download/leave.it.to.beaver.complete.series/Season%201/Leave%20It%20To%20Beaver%20-%20S01E25%20-%20The%20Broken%20Window.mp4</link>
<animated_thumbnail></animated_thumbnail>
<thumbnail>https://www.thetvdb.com/banners/episodes/71575/50849.jpg</thumbnail>
<animated_fanart></animated_fanart>
<fanart></fanart>
</item>

<item>
<title>26. Train Trip</title>
<meta>
  <content>episode</content>
  <imdb>tt0050032</imdb>
  <tvdb>50825</tvdb>
  <tvshowtitle>Leave It To Beaver</tvshowtitle>
  <year>1957</year>
  <title></title>
  <premiered></premiered>
  <season>01</season>
  <episode></episode>
  <summary>After a week long visit with their Aunt Martha, Wally and Beaver prepare to head home to Mayfield on a train. After talking Martha into letting them buy their own tickets, they discover they're short the money after spending it on junk food and find themselves wondering how they are going to get home.</summary>
</meta>
<link>https://archive.org/download/leave.it.to.beaver.complete.series/Season%201/Leave%20It%20To%20Beaver%20-%20S01E26%20-%20The%20Train%20Trip.mp4</link>
<animated_thumbnail></animated_thumbnail>
<thumbnail>https://www.thetvdb.com/banners/episodes/71575/50850.jpg</thumbnail>
<animated_fanart></animated_fanart>
<fanart></fanart>
</item>

<item>
<title>27. My Brother's Girl</title>
<meta>
  <content>episode</content>
  <imdb>tt0050032</imdb>
  <tvdb>50825</tvdb>
  <tvshowtitle>Leave It To Beaver</tvshowtitle>
  <year>1957</year>
  <title></title>
  <premiered></premiered>
  <season>01</season>
  <episode></episode>
  <summary>An eighth grade dance has Wally being pressured into attending with a girl, instead of going stag with Eddie. However, Mary Ellen Rogers becomes determined to have Wally take her and goes through Beaver to get to him.</summary>
</meta>
<link>https://archive.org/download/leave.it.to.beaver.complete.series/Season%201/Leave%20It%20To%20Beaver%20-%20S01E27%20-%20My%20Brother%27s%20Girl.mp4</link>
<animated_thumbnail></animated_thumbnail>
<thumbnail>https://www.thetvdb.com/banners/episodes/71575/50851.jpg</thumbnail>
<animated_fanart></animated_fanart>
<fanart></fanart>
</item>

<item>
<title>28. Next Door Indians</title>
<meta>
  <content>episode</content>
  <imdb>tt0050032</imdb>
  <tvdb>50825</tvdb>
  <tvshowtitle>Leave It To Beaver</tvshowtitle>
  <year>1957</year>
  <title></title>
  <premiered></premiered>
  <season>01</season>
  <episode></episode>
  <summary>Wanting to be liked by Wally's friends, Beaver makes up a wild story about the vacant lot next to his house being an Indian battle ground. After making a bet with Eddie, Beaver has Wally help him plant artifacts in the lot. However, that is forgotten when the kids make a discovery that they believe will make them rich.</summary>
</meta>
<link>https://archive.org/download/leave.it.to.beaver.complete.series/Season%201/Leave%20It%20To%20Beaver%20-%20S01E28.mp4</link>
<animated_thumbnail></animated_thumbnail>
<thumbnail>https://www.thetvdb.com/banners/episodes/71575/50852.jpg</thumbnail>
<animated_fanart></animated_fanart>
<fanart></fanart>
</item>

<item>
<title>29. Tenting Tonight</title>
<meta>
  <content>episode</content>
  <imdb>tt0050032</imdb>
  <tvdb>50825</tvdb>
  <tvshowtitle>Leave It To Beaver</tvshowtitle>
  <year>1957</year>
  <title></title>
  <premiered></premiered>
  <season>01</season>
  <episode></episode>
  <summary>After a weekend spent at the movies goes awry for Ward, he decides the boys should spend their weekends outside and plans a camping trip. However, when Ward's called into work, Wally and Beaver decide to camp out in the backyard.</summary>
</meta>
<link>https://archive.org/download/leave.it.to.beaver.complete.series/Season%201/Leave%20It%20To%20Beaver%20-%20S01E29%20-%20Tenting%20Tonight.mp4</link>
<animated_thumbnail></animated_thumbnail>
<thumbnail>https://www.thetvdb.com/banners/episodes/71575/50853.jpg</thumbnail>
<animated_fanart></animated_fanart>
<fanart></fanart>
</item>


<item>
<title>30. Music Lesson</title>
<meta>
  <content>episode</content>
  <imdb>tt0050032</imdb>
  <tvdb>50825</tvdb>
  <tvshowtitle>Leave It To Beaver</tvshowtitle>
  <year>1957</year>
  <title></title>
  <premiered></premiered>
  <season>01</season>
  <episode></episode>
  <summary>Wally makes the baseball team and Ward openly shows how proud he is of him, leaving Beaver feeling inferior. Trying to impress his parents, Beaver tries out for the band and begins practicing the clarinet. However, Beaver soon finds himself with more problems when he's let go from the band.</summary>
</meta>
<link>https://archive.org/download/leave.it.to.beaver.complete.series/Season%201/Leave%20It%20To%20Beaver%20-%20S01E30%20-%20Music%20Lesson.mp4</link>
<animated_thumbnail></animated_thumbnail>
<thumbnail>https://www.thetvdb.com/banners/episodes/71575/50854.jpg</thumbnail>
<animated_fanart></animated_fanart>
<fanart></fanart>
</item>

<item>
<title>31. New Doctor</title>
<meta>
  <content>episode</content>
  <imdb>tt0050032</imdb>
  <tvdb>50825</tvdb>
  <tvshowtitle>Leave It To Beaver</tvshowtitle>
  <year>1957</year>
  <title></title>
  <premiered></premiered>
  <season>01</season>
  <episode></episode>
  <summary>June has Wally stay home from school when he comes down with a sore throat and suddenly Wally is emersed in attention from his parents, friends and doctor. Jealous and feeling left out, Beaver fakes illness, seeking that same attention.</summary>
</meta>
<link>https://archive.org/download/leave.it.to.beaver.complete.series/Season%201/Leave%20It%20To%20Beaver%20-%20S01E31%20-%20New%20Doctor.mp4</link>
<animated_thumbnail></animated_thumbnail>
<thumbnail>https://www.thetvdb.com/banners/episodes/71575/50855.jpg</thumbnail>
<animated_fanart></animated_fanart>
<fanart></fanart>
</item>

<item>
<title>32. Beaver's Old Friend</title>
<meta>
  <content>episode</content>
  <imdb>tt0050032</imdb>
  <tvdb>50825</tvdb>
  <tvshowtitle>Leave It To Beaver</tvshowtitle>
  <year>1957</year>
  <title></title>
  <premiered></premiered>
  <season>01</season>
  <episode></episode>
  <summary>Wally and Beaver are helping Ward clean out the garage when they run across Beaver's old teddy bear, Billy. Beaver reluctantly throws him away after Ward and Wally tell him he's too old for dolls. However, Beaver changes his mind but he's too late, the garbage truck came, which leads Beaver to take drastic measures to get him back.</summary>
</meta>
<link>https://archive.org/download/leave.it.to.beaver.complete.series/Season%201/Leave%20It%20To%20Beaver%20-%20S01E32%20-%20Beaver%27s%20Old%20Friend.mp4</link>
<animated_thumbnail></animated_thumbnail>
<thumbnail>https://www.thetvdb.com/banners/episodes/71575/50856.jpg</thumbnail>
<animated_fanart></animated_fanart>
<fanart></fanart>
</item>

<item>
<title>33. Wally's Job</title>
<meta>
  <content>episode</content>
  <imdb>tt0050032</imdb>
  <tvdb>50825</tvdb>
  <tvshowtitle>Leave It To Beaver</tvshowtitle>
  <year>1957</year>
  <title></title>
  <premiered></premiered>
  <season>01</season>
  <episode></episode>
  <summary>Wally jumps at the chance to paint a couple of garbage cans for Ward, who offers 50 cents a piece. However, once Eddie tells Wally, that his father was charged $3.00 to have his painted, he becomes disinterested in the job which is when Beaver steps in and takes over the job.</summary>
</meta>
<link>https://archive.org/download/leave.it.to.beaver.complete.series/Season%201/Leave%20It%20To%20Beaver%20-%20S01E33%20-%20Wally%27s%20Job.mp4</link>
<animated_thumbnail></animated_thumbnail>
<thumbnail>https://www.thetvdb.com/banners/episodes/71575/50857.jpg</thumbnail>
<animated_fanart></animated_fanart>
<fanart></fanart>
</item>


<item>
<title>34. Beaver's Bad Day</title>
<meta>
  <content>episode</content>
  <imdb>tt0050032</imdb>
  <tvdb>50825</tvdb>
  <tvshowtitle>Leave It To Beaver</tvshowtitle>
  <year>1957</year>
  <title></title>
  <premiered></premiered>
  <season>01</season>
  <episode></episode>
  <summary>An incident at the park leads to Beaver ripping the pants on his gray flannel suit. When he's questioned by Ward and June he makes up a wild story that his parents quickly see through. Lectured in telling the truth, Beaver does just that when the pants of his other suit are ripped but Ward and June don't believe him.</summary>
</meta>
<link>https://archive.org/download/leave.it.to.beaver.complete.series/Season%201/Leave%20It%20To%20Beaver%20-%20S01E34%20-%20Beaver%27s%20Bad%20Day.mp4</link>
<animated_thumbnail></animated_thumbnail>
<thumbnail>https://www.thetvdb.com/banners/episodes/71575/50858.jpg</thumbnail>
<animated_fanart></animated_fanart>
<fanart></fanart>
</item>

<item>
<title>35. Boarding School</title>
<meta>
  <content>episode</content>
  <imdb>tt0050032</imdb>
  <tvdb>50825</tvdb>
  <tvshowtitle>Leave It To Beaver</tvshowtitle>
  <year>1957</year>
  <title></title>
  <premiered></premiered>
  <season>01</season>
  <episode></episode>
  <summary>An old friend of Wally's stops by with stories about how great it is at the military school he attends. This leads Wally to decide that he would like to attend military school, despite a wary Ward and June.</summary>
</meta>
<link>https://archive.org/download/leave.it.to.beaver.complete.series/Season%201/Leave%20It%20To%20Beaver%20-%20S01E35%20-%20Boarding%20School.mp4</link>
<animated_thumbnail></animated_thumbnail>
<thumbnail>https://www.thetvdb.com/banners/episodes/71575/50859.jpg</thumbnail>
<animated_fanart></animated_fanart>
<fanart></fanart>
</item>

<item>
<title>36. Beaver and Henry</title>
<meta>
  <content>episode</content>
  <imdb>tt0050032</imdb>
  <tvdb>50825</tvdb>
  <tvshowtitle>Leave It To Beaver</tvshowtitle>
  <year>1957</year>
  <title></title>
  <premiered></premiered>
  <season>01</season>
  <episode></episode>
  <summary>An animal is chewing up June's flower bed, so Ward and the boys set a trap to catch it. They soon catch a white rabbit whom Beaver talks Ward and June into keeping. Beaver names him Henry only to later discover Henry is really a Henrietta and she's expecting.</summary>
</meta>
<link>https://archive.org/download/leave.it.to.beaver.complete.series/Season%201/Leave%20It%20To%20Beaver%20-%20S01E36%20-%20Beaver%20And%20Henry.mp4</link>
<animated_thumbnail></animated_thumbnail>
<thumbnail>https://www.thetvdb.com/banners/episodes/71575/50860.jpg</thumbnail>
<animated_fanart></animated_fanart>
<fanart></fanart>
</item>

<item>
<title>37. Beaver Runs Away</title>
<meta>
  <content>episode</content>
  <imdb>tt0050032</imdb>
  <tvdb>50825</tvdb>
  <tvshowtitle>Leave It To Beaver</tvshowtitle>
  <year>1957</year>
  <title></title>
  <premiered></premiered>
  <season>01</season>
  <episode></episode>
  <summary>Larry gets Beaver into trouble when he goads Beaver into trying out Ward's drill and in the end there are two holes in the garage wall. Ward hits the roof and scolds Beaver who in turn decides to run away.</summary>
</meta>
<link>https://archive.org/download/leave.it.to.beaver.complete.series/Season%201/Leave%20It%20To%20Beaver%20-%20S01E37%20-%20Beaver%20Runs%20Away.mp4</link>
<animated_thumbnail></animated_thumbnail>
<thumbnail>https://www.thetvdb.com/banners/episodes/71575/50861.jpg</thumbnail>
<animated_fanart></animated_fanart>
<fanart></fanart>
</item>38. Beaver's Guest

<item>
<title>38. Beaver's Guest</title>
<meta>
  <content>episode</content>
  <imdb>tt0050032</imdb>
  <tvdb>50825</tvdb>
  <tvshowtitle>Leave It To Beaver</tvshowtitle>
  <year>1957</year>
  <title></title>
  <premiered></premiered>
  <season>01</season>
  <episode></episode>
  <summary>Beaver is all excited to have his friend, Larry Mondello, stay over for the weekend. However, things start off on the wrong foot when Beaver and Larry get into a fight ending with Beaver punching Larry in the stomach.</summary>
</meta>
<link>https://archive.org/download/leave.it.to.beaver.complete.series/Season%201/Leave%20It%20To%20Beaver%20-%20S01E38%20-%20Beaver%27s%20Guest.mp4</link>
<animated_thumbnail></animated_thumbnail>
<thumbnail>https://www.thetvdb.com/banners/episodes/71575/50862.jpg</thumbnail>
<animated_fanart></animated_fanart>
<fanart></fanart>
</item>

<item>
<title>39. Cat Out of the Bag</title>
<meta>
  <content>episode</content>
  <imdb>tt0050032</imdb>
  <tvdb>50825</tvdb>
  <tvshowtitle>Leave It To Beaver</tvshowtitle>
  <year>1957</year>
  <title></title>
  <premiered></premiered>
  <season>01</season>
  <episode></episode>
  <summary>The neighbors are going away for the weekend and Beaver and Wally have been put in charge of taking care of their lawn and their cat, Puff Puff. When Eddie shows up with his dog, Wolf, chaos erupts and Wolf chases Puff Puff away.</summary>
</meta>
<link>https://archive.org/download/leave.it.to.beaver.complete.series/Season%201/Leave%20It%20To%20Beaver%20-%20S01E39%20-%20Cat%20Out%20Of%20The%20Bag.mp4</link>
<animated_thumbnail></animated_thumbnail>
<thumbnail>https://www.thetvdb.com/banners/episodes/71575/50863.jpg</thumbnail>
<animated_fanart></animated_fanart>
<fanart></fanart>
</item>