<?xml version="1.0" encoding="UTF-8"?>
<addon id="plugin.video.fuzzybritches_v3"
       name="[COLORcrimson]•• [/COLOR]Fuzzy Britches v3[COLORcrimson] ••[/COLOR]"
       version="1.0.5"
       provider-name="The Papaw">
    <requires>
        <import addon="script.fuzzybritches_v3.artwork" />
        <import addon="script.module.fuzzybritchesv3scrapers" />
        <import addon="script.module.resolveurl" />
        <import addon="script.module.requests" />
        <import addon="script.module.six" />
        <import addon="script.module.kodi-six" />
        <import addon="script.module.simplejson" />
        <import addon="plugin.video.youtube" optional="true" />
    </requires>
    <extension library="fuzzybritches_v3.py" point="xbmc.python.pluginsource">
        <provides>video</provides>
    </extension>
    <extension library="service.py" point="xbmc.service" start="startup" />
    <extension point="xbmc.addon.metadata">
        <reuselanguageinvoker>false</reuselanguageinvoker>
        <summary lang="en_GB">Fuzzy Britches v3</summary>
        <description lang="en_GB">[CR]See the Changelog in the Tools Menu for News. Fuzzy Britches v3 is part of the PSMC Collection[CR] - Enjoy!</description>
        <platform>all</platform>
        <license>CC BY-NC-SA 4.0</license>
        <forum />
		<website>https://github.com/ThePapaw/fuzzybritches</website>
		<source>https://github.com/ThePapaw/fuzzybritches</source>
        <disclaimer lang="en_GB">The author of this add-on does not host any of the content which is found and has no affiliation with any of the content providers. This add-on simply searches websites for content. Use at your own risk![CR]This project uses API's from TMDb, Trakt, Fanart.tv, but is not affiliated nor endorsed by any of their respective ogranizations.[CR]Please support them accordingly.</disclaimer>
        <assets>
			<icon>icon.png</icon>
			<icon>icon.gif</icon>
			<fanart>fanart.jpg</fanart>
        </assets>
        <news>
- See Changelog on Tools menu
        </news>
    </extension>
</addon>
