<?xml version='1.0' encoding='UTF-8'?>
<includes>
	<include name="skinshortcuts-mainmenu">
		<item id="1">
			<property name="id">$NUMBER[1]</property>
			<label>$LOCALIZE[20343]</label>
			<label2 />
			<icon>special://skin/extras/icons/DefaultTVShows.png</icon>
			<thumb />
			<onclick condition="String.IsEqual(ListItem.Property(path),ActivateWindow(1129))">SetProperty(CustomSelectSearch,True,Home)</onclick>
			<onclick condition="Library.HasContent(TVShows)">ActivateWindow(Videos,videodb://tvshows/titles/,return)</onclick>
			<property name="path">ActivateWindow(Videos,videodb://tvshows/titles/,return)</property>
			<onclick condition="![Library.HasContent(TVShows)]">ActivateWindow(videos,files,return)</onclick>
			<visible>String.IsEqual(System.ProfileName,Master user)</visible>
			<property name="submenuVisibility">tvshows</property>
			<property name="hasSubmenu">True</property>
		</item>
		<item id="2">
			<property name="id">$NUMBER[2]</property>
			<label>Weather</label>
			<label2>Favourite</label2>
			<icon>special://skin/extras/icons/DefaultAddonWeather.png</icon>
			<thumb>androidapp://sources/apps/com.accuweather.android.png</thumb>
			<onclick condition="String.IsEqual(ListItem.Property(path),ActivateWindow(1129))">SetProperty(CustomSelectSearch,True,Home)</onclick>
			<onclick>StartAndroidActivity("com.accuweather.android")</onclick>
			<property name="path">StartAndroidActivity("com.accuweather.android")</property>
			<visible>String.IsEqual(System.ProfileName,Master user)</visible>
			<property name="submenuVisibility">weather</property>
			<property name="hasSubmenu">True</property>
		</item>
		<item id="3">
			<property name="id">$NUMBER[3]</property>
			<label>Apps</label>
			<label2 />
			<icon>special://skin/extras/icons/DefaultAddon.png</icon>
			<thumb />
			<onclick condition="String.IsEqual(ListItem.Property(path),ActivateWindow(1129))">SetProperty(CustomSelectSearch,True,Home)</onclick>
			<onclick>ActivateWindow(1133)</onclick>
			<property name="path">ActivateWindow(1133)</property>
			<visible>String.IsEqual(System.ProfileName,Master user)</visible>
			<property name="submenuVisibility">num-31957</property>
			<property name="hasSubmenu">True</property>
		</item>
		<item id="4">
			<property name="id">$NUMBER[4]</property>
			<label>$LOCALIZE[13000]</label>
			<label2 />
			<icon>special://skin/extras/icons/DefaultAddonService.png</icon>
			<thumb />
			<onclick condition="String.IsEqual(ListItem.Property(path),ActivateWindow(1129))">SetProperty(CustomSelectSearch,True,Home)</onclick>
			<onclick>ActivateWindow(Settings)</onclick>
			<property name="path">ActivateWindow(Settings)</property>
			<visible>String.IsEqual(System.ProfileName,Master user)</visible>
			<property name="submenuVisibility">num-13000</property>
			<property name="hasSubmenu">True</property>
		</item>
		<item id="5">
			<property name="id">$NUMBER[5]</property>
			<label>$LOCALIZE[33060]</label>
			<label2 />
			<icon>special://skin/extras/icons/power.png</icon>
			<thumb />
			<onclick condition="String.IsEqual(ListItem.Property(path),ActivateWindow(1129))">SetProperty(CustomSelectSearch,True,Home)</onclick>
			<onclick>ActivateWindow(shutdownmenu)</onclick>
			<property name="path">ActivateWindow(shutdownmenu)</property>
			<visible>String.IsEqual(System.ProfileName,Master user)</visible>
			<property name="submenuVisibility">num-33060</property>
			<property name="hasSubmenu">True</property>
		</item>
		<item id="6">
			<property name="id">$NUMBER[6]</property>
			<label>$LOCALIZE[2]</label>
			<label2 />
			<icon>special://skin/extras/icons/DefaultAudio.png</icon>
			<thumb />
			<onclick condition="String.IsEqual(ListItem.Property(path),ActivateWindow(1129))">SetProperty(CustomSelectSearch,True,Home)</onclick>
			<onclick>ActivateWindow(Music)</onclick>
			<property name="path">ActivateWindow(Music)</property>
			<visible>String.IsEqual(System.ProfileName,Master user)</visible>
			<property name="submenuVisibility">num-2</property>
			<property name="hasSubmenu">True</property>
		</item>
		<item id="7">
			<property name="id">$NUMBER[7]</property>
			<label>Smart Home</label>
			<label2>Favourite</label2>
			<icon>DefaultShortcut.png</icon>
			<thumb>androidapp://sources/apps/com.hubitat.app.png</thumb>
			<onclick condition="String.IsEqual(ListItem.Property(path),ActivateWindow(1129))">SetProperty(CustomSelectSearch,True,Home)</onclick>
			<onclick>StartAndroidActivity("com.hubitat.app")</onclick>
			<property name="path">StartAndroidActivity("com.hubitat.app")</property>
			<visible>String.IsEqual(System.ProfileName,Master user)</visible>
			<property name="submenuVisibility">smarthome</property>
			<property name="hasSubmenu">True</property>
		</item>
		<item id="8">
			<property name="id">$NUMBER[8]</property>
			<label>Gaming</label>
			<label2>Custom item</label2>
			<icon>DefaultShortcut.png</icon>
			<thumb />
			<onclick condition="String.IsEqual(ListItem.Property(path),ActivateWindow(1129))">SetProperty(CustomSelectSearch,True,Home)</onclick>
			<onclick>noop</onclick>
			<property name="path">noop</property>
			<visible>String.IsEqual(System.ProfileName,Master user)</visible>
			<property name="submenuVisibility">gaming</property>
			<property name="hasSubmenu">False</property>
		</item>
		<item id="9">
			<property name="id">$NUMBER[9]</property>
			<label>Home Movies</label>
			<label2>Video Playlist</label2>
			<icon>special://skin/extras/icons/DefaultPlaylist.png</icon>
			<thumb />
			<onclick condition="String.IsEqual(ListItem.Property(path),ActivateWindow(1129))">SetProperty(CustomSelectSearch,True,Home)</onclick>
			<onclick>ActivateWindow(Videos,special://profile/playlists/video/Home Movies Collection.xsp,return)</onclick>
			<property name="path">ActivateWindow(Videos,special://profile/playlists/video/Home Movies Collection.xsp,return)</property>
			<visible>String.IsEqual(System.ProfileName,Master user)</visible>
			<property name="submenuVisibility">homemovies</property>
			<property name="hasSubmenu">True</property>
		</item>
		<item id="10">
			<property name="id">$NUMBER[10]</property>
			<label>Photos</label>
			<label2>Picture Source</label2>
			<icon>DefaultShortcut.png</icon>
			<thumb />
			<onclick condition="String.IsEqual(ListItem.Property(path),ActivateWindow(1129))">SetProperty(CustomSelectSearch,True,Home)</onclick>
			<onclick>ActivateWindow(Pictures,"smb://ZIZZLEZAZZLE/NAS-1/Media/Photos/",return)</onclick>
			<property name="path">ActivateWindow(Pictures,"smb://ZIZZLEZAZZLE/NAS-1/Media/Photos/",return)</property>
			<visible>String.IsEqual(System.ProfileName,Master user)</visible>
			<property name="submenuVisibility">photos</property>
			<property name="hasSubmenu">False</property>
		</item>
		<item id="11">
			<property name="id">$NUMBER[11]</property>
			<label>Holidays</label>
			<label2>Custom item</label2>
			<icon>DefaultShortcut.png</icon>
			<thumb />
			<onclick condition="String.IsEqual(ListItem.Property(path),ActivateWindow(1129))">SetProperty(CustomSelectSearch,True,Home)</onclick>
			<onclick>noop</onclick>
			<property name="path">noop</property>
			<visible>String.IsEqual(System.ProfileName,Master user)</visible>
			<property name="submenuVisibility">holidays</property>
			<property name="hasSubmenu">True</property>
		</item>
		<item id="12">
			<property name="id">$NUMBER[12]</property>
			<label>PLAY DISC</label>
			<label2 />
			<icon>special://skin/extras/icons/Disc.png</icon>
			<thumb />
			<visible>System.HasMediaDVD</visible>
			<onclick condition="String.IsEqual(ListItem.Property(path),ActivateWindow(1129))">SetProperty(CustomSelectSearch,True,Home)</onclick>
			<onclick>PlayDisc</onclick>
			<property name="path">PlayDisc</property>
			<visible>String.IsEqual(System.ProfileName,Master user)</visible>
			<property name="submenuVisibility">num-31958</property>
			<property name="hasSubmenu">True</property>
		</item>
		<item id="13">
			<property name="id">$NUMBER[13]</property>
			<label>On-Stage</label>
			<label2>Video Playlist</label2>
			<icon>DefaultShortcut.png</icon>
			<thumb />
			<onclick condition="String.IsEqual(ListItem.Property(path),ActivateWindow(1129))">SetProperty(CustomSelectSearch,True,Home)</onclick>
			<onclick>ActivateWindow(Videos,special://profile/playlists/video/On-Stage.xsp,return)</onclick>
			<property name="path">ActivateWindow(Videos,special://profile/playlists/video/On-Stage.xsp,return)</property>
			<visible>String.IsEqual(System.ProfileName,Master user)</visible>
			<property name="submenuVisibility">on-stage</property>
			<property name="hasSubmenu">True</property>
		</item>
		<item id="14">
			<property name="id">$NUMBER[14]</property>
			<label>Sports PPVs</label>
			<label2>Video Playlist</label2>
			<icon>special://skin/extras/icons/DefaultPlaylist.png</icon>
			<thumb />
			<onclick condition="String.IsEqual(ListItem.Property(path),ActivateWindow(1129))">SetProperty(CustomSelectSearch,True,Home)</onclick>
			<onclick>ActivateWindow(Videos,special://profile/playlists/video/Sports PPVs.xsp,return)</onclick>
			<property name="path">ActivateWindow(Videos,special://profile/playlists/video/Sports PPVs.xsp,return)</property>
			<visible>String.IsEqual(System.ProfileName,Master user)</visible>
			<property name="submenuVisibility">sportsppvs</property>
			<property name="hasSubmenu">True</property>
		</item>
		<item id="15">
			<property name="id">$NUMBER[15]</property>
			<label>$LOCALIZE[20342]</label>
			<label2 />
			<icon>special://skin/extras/icons/DefaultMovies.png</icon>
			<thumb />
			<onclick condition="String.IsEqual(ListItem.Property(path),ActivateWindow(1129))">SetProperty(CustomSelectSearch,True,Home)</onclick>
			<onclick condition="Library.HasContent(Movies)">ActivateWindow(Videos,videodb://movies/titles/,return)</onclick>
			<property name="path">ActivateWindow(Videos,videodb://movies/titles/,return)</property>
			<onclick condition="![Library.HasContent(Movies)]">ActivateWindow(videos,files,return)</onclick>
			<visible>String.IsEqual(System.ProfileName,Master user)</visible>
			<property name="submenuVisibility">num-20342</property>
			<property name="hasSubmenu">True</property>
		</item>
	</include>
	<include />
	<include name="skinshortcuts-submenu">
		<item id="1">
			<property name="id">$NUMBER[1]</property>
			<property name="mainmenuid">1</property>
			<label>$LOCALIZE[4]</label>
			<label2 />
			<icon>DefaultShortcut.png</icon>
			<thumb />
			<visible>[System.HasAddon(script.tv.show.next.aired)] + String.IsEqual(Container(9000).ListItem.Property(submenuVisibility),tvshows)</visible>
			<onclick>RunAddon(script.tv.show.next.aired,return)</onclick>
			<property name="path">RunAddon(script.tv.show.next.aired,return)</property>
			<visible>String.IsEqual(System.ProfileName,Master user)</visible>
			<property name="isSubmenu">True</property>
		</item>
		<item id="2">
			<property name="id">$NUMBER[2]</property>
			<property name="mainmenuid">1</property>
			<label>[B][COLOR lightslategrey]• [/COLOR][/B][COLOR ghostwhite]FB Tools[/COLOR][B][COLOR lightslategrey] •[/COLOR][/B]</label>
			<label2>Video Add-On</label2>
			<icon>DefaultShortcut.png</icon>
			<thumb>image://%2fstorage%2femulated%2f0%2fAndroid%2fdata%2forg.xbmc.psmc%2ffiles%2f.kodi%2faddons%2fscript.fuzzybritches.artwork%2fresources%2fmedia%2ffuzzybritches%2ftools.png/</thumb>
			<onclick>ActivateWindow(Videos,"plugin://plugin.video.fuzzybritches/?action=toolNavigator",return)</onclick>
			<property name="path">ActivateWindow(Videos,"plugin://plugin.video.fuzzybritches/?action=toolNavigator",return)</property>
			<visible>[String.IsEqual(System.ProfileName,Master user)] + String.IsEqual(Container(9000).ListItem.Property(submenuVisibility),tvshows)</visible>
			<property name="isSubmenu">True</property>
		</item>
		<item id="3">
			<property name="id">$NUMBER[3]</property>
			<property name="mainmenuid">1</property>
			<label>Random Crime</label>
			<label2>Video Playlist</label2>
			<icon>special://skin/extras/icons/DefaultPlaylist.png</icon>
			<thumb />
			<onclick>PlayMedia(special://profile/playlists/video/Random Crime.xsp)</onclick>
			<property name="path">PlayMedia(special://profile/playlists/video/Random Crime.xsp)</property>
			<visible>[String.IsEqual(System.ProfileName,Master user)] + String.IsEqual(Container(9000).ListItem.Property(submenuVisibility),tvshows)</visible>
			<property name="isSubmenu">True</property>
		</item>
		<item id="4">
			<property name="id">$NUMBER[4]</property>
			<property name="mainmenuid">1</property>
			<label>Cops</label>
			<label2>Video Playlist</label2>
			<icon>special://skin/extras/icons/DefaultPlaylist.png</icon>
			<thumb />
			<onclick>PlayMedia(special://profile/playlists/video/Cops.xsp)</onclick>
			<property name="path">PlayMedia(special://profile/playlists/video/Cops.xsp)</property>
			<visible>[String.IsEqual(System.ProfileName,Master user)] + String.IsEqual(Container(9000).ListItem.Property(submenuVisibility),tvshows)</visible>
			<property name="isSubmenu">True</property>
		</item>
		<item id="5">
			<property name="id">$NUMBER[5]</property>
			<property name="mainmenuid">1</property>
			<label>[B][COLOR firebrick]• [/COLOR][/B][COLOR ghostwhite]New TV Shows[/COLOR][B][COLOR firebrick] •[/COLOR][/B]</label>
			<label2>Video Add-On</label2>
			<icon>DefaultShortcut.png</icon>
			<thumb>image://%2fstorage%2femulated%2f0%2fAndroid%2fdata%2forg.xbmc.psmc%2ffiles%2f.kodi%2faddons%2fscript.fuzzybritches.artwork%2fresources%2fmedia%2ffuzzybritches%2fnew-tvshows.png/</thumb>
			<onclick>ActivateWindow(Videos,"plugin://plugin.video.fuzzybritches/?action=tvshows&amp;url=premiere",return)</onclick>
			<property name="path">ActivateWindow(Videos,"plugin://plugin.video.fuzzybritches/?action=tvshows&amp;url=premiere",return)</property>
			<visible>[String.IsEqual(System.ProfileName,Master user)] + String.IsEqual(Container(9000).ListItem.Property(submenuVisibility),tvshows)</visible>
			<property name="isSubmenu">True</property>
		</item>
		<item id="6">
			<property name="id">$NUMBER[6]</property>
			<property name="mainmenuid">1</property>
			<label>[B][COLOR red]• [/COLOR][/B][COLOR ghostwhite]Networks[/COLOR]</label>
			<label2>Video Add-On</label2>
			<icon>DefaultShortcut.png</icon>
			<thumb>image://%2fstorage%2femulated%2f0%2fAndroid%2fdata%2forg.xbmc.psmc%2ffiles%2f.kodi%2faddons%2fscript.fuzzybritches.artwork%2fresources%2fmedia%2ffuzzybritches%2fnetworks.png/</thumb>
			<onclick>ActivateWindow(Videos,"plugin://plugin.video.fuzzybritches/?action=tvNetworks",return)</onclick>
			<property name="path">ActivateWindow(Videos,"plugin://plugin.video.fuzzybritches/?action=tvNetworks",return)</property>
			<visible>[String.IsEqual(System.ProfileName,Master user)] + String.IsEqual(Container(9000).ListItem.Property(submenuVisibility),tvshows)</visible>
			<property name="isSubmenu">True</property>
		</item>
		<item id="7">
			<property name="id">$NUMBER[7]</property>
			<property name="mainmenuid">1</property>
			<label>[B][COLOR crimson]• [/COLOR][/B][COLOR ghostwhite]Collection[/COLOR][B][COLOR crimson] •[/COLOR][/B]</label>
			<label2>Video Add-On</label2>
			<icon>DefaultShortcut.png</icon>
			<thumb>image://%2fstorage%2femulated%2f0%2fAndroid%2fdata%2forg.xbmc.kodi%2ffiles%2f.kodi%2faddons%2fscript.numbersbynumbers.artwork%2fresources%2fmedia%2ffuzzybritches%2ftrakt.png/</thumb>
			<onclick>ActivateWindow(Videos,"plugin://plugin.video.fuzzybritches/?action=tvshows&amp;url=traktcollection",return)</onclick>
			<property name="path">ActivateWindow(Videos,"plugin://plugin.video.fuzzybritches/?action=tvshows&amp;url=traktcollection",return)</property>
			<visible>[String.IsEqual(System.ProfileName,Master user)] + String.IsEqual(Container(9000).ListItem.Property(submenuVisibility),tvshows)</visible>
			<property name="isSubmenu">True</property>
		</item>
		<item id="8">
			<property name="id">$NUMBER[8]</property>
			<property name="mainmenuid">1</property>
			<label>[B][COLOR firebrick]• [/COLOR][/B][COLOR ghostwhite]Search TV Shows[/COLOR]</label>
			<label2>Video Add-On</label2>
			<icon>DefaultShortcut.png</icon>
			<thumb>image://%2fstorage%2femulated%2f0%2fAndroid%2fdata%2forg.xbmc.psmc%2ffiles%2f.kodi%2faddons%2fscript.fuzzybritches.artwork%2fresources%2fmedia%2ffuzzybritches%2fsearch2.png/</thumb>
			<onclick>ActivateWindow(Videos,"plugin://plugin.video.fuzzybritches/?action=tvSearch",return)</onclick>
			<property name="path">ActivateWindow(Videos,"plugin://plugin.video.fuzzybritches/?action=tvSearch",return)</property>
			<visible>[String.IsEqual(System.ProfileName,Master user)] + String.IsEqual(Container(9000).ListItem.Property(submenuVisibility),tvshows)</visible>
			<property name="isSubmenu">True</property>
		</item>
		<item id="9">
			<property name="id">$NUMBER[9]</property>
			<property name="mainmenuid">1</property>
			<label>$LOCALIZE[1214]</label>
			<label2>Videos</label2>
			<icon>special://skin/extras/icons/DefaultVideo.png</icon>
			<thumb />
			<onclick>ActivateWindow(Videos,library://video/,return)</onclick>
			<property name="path">ActivateWindow(Videos,library://video/,return)</property>
			<visible>[String.IsEqual(System.ProfileName,Master user)] + String.IsEqual(Container(9000).ListItem.Property(submenuVisibility),tvshows)</visible>
			<property name="isSubmenu">True</property>
		</item>
		<item id="10">
			<property name="id">$NUMBER[10]</property>
			<property name="mainmenuid">1</property>
			<label>Live Channels</label>
			<label2>Favourite</label2>
			<icon>special://skin/extras/icons/DefaultFolder.png</icon>
			<thumb>androidapp://sources/apps/com.google.android.tv.png</thumb>
			<onclick>StartAndroidActivity("com.google.android.tv")</onclick>
			<property name="path">StartAndroidActivity("com.google.android.tv")</property>
			<visible>[String.IsEqual(System.ProfileName,Master user)] + String.IsEqual(Container(9000).ListItem.Property(submenuVisibility),tvshows)</visible>
			<property name="isSubmenu">True</property>
		</item>
		<item id="11">
			<property name="id">$NUMBER[11]</property>
			<property name="mainmenuid">1</property>
			<label>Real Debrid Links</label>
			<label2>Favourite</label2>
			<icon>DefaultShortcut.png</icon>
			<thumb>/storage/emulated/0/Android/data/org.xbmc.psmc/files/.kodi/addons/script.realdebrid/icon.png</thumb>
			<onclick>ActivateWindow(10001,"plugin://script.realdebrid/?extras=%7b%27limit%27%3a%20%27100%27%2c%20%27offset%27%3a%20%270%27%7d&amp;fanart=%2fstorage%2femulated%2f0%2fAndroid%2fdata%2forg.xbmc.psmc%2ffiles%2f.kodi%2faddons%2fscript.realdebrid%2ffanart.jpg&amp;icon=%2fstorage%2femulated%2f0%2fAndroid%2fdata%2forg.xbmc.psmc%2ffiles%2f.kodi%2faddons%2fscript.realdebrid%2ficon.png&amp;mode=2&amp;name=View%20Unrestricted%20Links&amp;poster=none&amp;url",return)</onclick>
			<property name="path">ActivateWindow(10001,"plugin://script.realdebrid/?extras=%7b%27limit%27%3a%20%27100%27%2c%20%27offset%27%3a%20%270%27%7d&amp;fanart=%2fstorage%2femulated%2f0%2fAndroid%2fdata%2forg.xbmc.psmc%2ffiles%2f.kodi%2faddons%2fscript.realdebrid%2ffanart.jpg&amp;icon=%2fstorage%2femulated%2f0%2fAndroid%2fdata%2forg.xbmc.psmc%2ffiles%2f.kodi%2faddons%2fscript.realdebrid%2ficon.png&amp;mode=2&amp;name=View%20Unrestricted%20Links&amp;poster=none&amp;url",return)</property>
			<visible>[String.IsEqual(System.ProfileName,Master user)] + String.IsEqual(Container(9000).ListItem.Property(submenuVisibility),tvshows)</visible>
			<property name="isSubmenu">True</property>
		</item>
		<item id="12">
			<property name="id">$NUMBER[12]</property>
			<property name="mainmenuid">1</property>
			<label>$LOCALIZE[575]</label>
			<label2 />
			<icon>DefaultShortcut.png</icon>
			<thumb />
			<visible>[False] + String.IsEqual(Container(9000).ListItem.Property(submenuVisibility),tvshows)</visible>
			<onclick>noop</onclick>
			<property name="isSubmenu">True</property>
		</item>
		<item id="13">
			<property name="id">$NUMBER[13]</property>
			<property name="mainmenuid">1</property>
			<label>Recently Added</label>
			<label2 />
			<icon>DefaultShortcut.png</icon>
			<thumb />
			<visible>[False] + String.IsEqual(Container(9000).ListItem.Property(submenuVisibility),tvshows)</visible>
			<onclick>noop</onclick>
			<property name="isSubmenu">True</property>
		</item>
		<item id="14">
			<property name="id">$NUMBER[14]</property>
			<property name="mainmenuid">1</property>
			<label>$LOCALIZE[135]</label>
			<label2 />
			<icon>DefaultShortcut.png</icon>
			<thumb />
			<visible>[False] + String.IsEqual(Container(9000).ListItem.Property(submenuVisibility),tvshows)</visible>
			<onclick>noop</onclick>
			<property name="isSubmenu">True</property>
		</item>
		<item id="15">
			<property name="id">$NUMBER[15]</property>
			<property name="mainmenuid">1</property>
			<label>$LOCALIZE[652]</label>
			<label2 />
			<icon>DefaultShortcut.png</icon>
			<thumb />
			<visible>[False] + String.IsEqual(Container(9000).ListItem.Property(submenuVisibility),tvshows)</visible>
			<onclick>noop</onclick>
			<property name="isSubmenu">True</property>
		</item>
		<item id="16">
			<property name="id">$NUMBER[16]</property>
			<property name="mainmenuid">1</property>
			<label>$LOCALIZE[136]</label>
			<label2>Playlists</label2>
			<icon>special://skin/extras/icons/DefaultVideoPlaylists.png</icon>
			<thumb />
			<onclick>ActivateWindow(Videos,special://videoplaylists/,return)</onclick>
			<property name="path">ActivateWindow(Videos,special://videoplaylists/,return)</property>
			<visible>[String.IsEqual(System.ProfileName,Master user)] + String.IsEqual(Container(9000).ListItem.Property(submenuVisibility),tvshows)</visible>
			<property name="isSubmenu">True</property>
		</item>
		<item id="1">
			<property name="id">$NUMBER[1]</property>
			<property name="mainmenuid">2</property>
			<label>$LOCALIZE[12600]</label>
			<label2>Weather</label2>
			<icon>DefaultShortcut.png</icon>
			<thumb />
			<onclick condition="!String.IsEmpty(Weather.Plugin)">ActivateWindow(Weather)</onclick>
			<property name="path">ActivateWindow(Weather)</property>
			<onclick condition="![!String.IsEmpty(Weather.Plugin)]">ActivateWindow(servicesettings,weather)</onclick>
			<visible>[String.IsEqual(System.ProfileName,Master user)] + String.IsEqual(Container(9000).ListItem.Property(submenuVisibility),weather)</visible>
			<property name="isSubmenu">True</property>
		</item>
		<item id="1">
			<property name="id">$NUMBER[1]</property>
			<property name="mainmenuid">3</property>
			<label>Trakt</label>
			<label2>Program</label2>
			<icon>special://skin/extras/icons/DefaultAddon.png</icon>
			<thumb>image://%2fstorage%2femulated%2f0%2fAndroid%2fdata%2forg.xbmc.psmc%2ffiles%2f.kodi%2faddons%2fscript.trakt%2ficon.png/</thumb>
			<onclick>RunAddOn(script.trakt)</onclick>
			<property name="path">RunAddOn(script.trakt)</property>
			<visible>[String.IsEqual(System.ProfileName,Master user)] + String.IsEqual(Container(9000).ListItem.Property(submenuVisibility),num-31957)</visible>
			<property name="isSubmenu">True</property>
		</item>
		<item id="2">
			<property name="id">$NUMBER[2]</property>
			<property name="mainmenuid">3</property>
			<label>$LOCALIZE[1038]</label>
			<label2 />
			<icon>DefaultShortcut.png</icon>
			<thumb />
			<onclick>ActivateWindow(Music,Addons,return)</onclick>
			<property name="path">ActivateWindow(Music,Addons,return)</property>
			<visible>[String.IsEqual(System.ProfileName,Master user)] + String.IsEqual(Container(9000).ListItem.Property(submenuVisibility),num-31957)</visible>
			<property name="isSubmenu">True</property>
		</item>
		<item id="3">
			<property name="id">$NUMBER[3]</property>
			<property name="mainmenuid">3</property>
			<label>$LOCALIZE[1037]</label>
			<label2 />
			<icon>DefaultShortcut.png</icon>
			<thumb />
			<onclick>ActivateWindow(Videos,Addons,return)</onclick>
			<property name="path">ActivateWindow(Videos,Addons,return)</property>
			<visible>[String.IsEqual(System.ProfileName,Master user)] + String.IsEqual(Container(9000).ListItem.Property(submenuVisibility),num-31957)</visible>
			<property name="isSubmenu">True</property>
		</item>
		<item id="4">
			<property name="id">$NUMBER[4]</property>
			<property name="mainmenuid">3</property>
			<label>$LOCALIZE[10040]</label>
			<label2 />
			<icon>DefaultShortcut.png</icon>
			<thumb />
			<onclick>ActivateWindow(Addonbrowser)</onclick>
			<property name="path">ActivateWindow(Addonbrowser)</property>
			<visible>[String.IsEqual(System.ProfileName,Master user)] + String.IsEqual(Container(9000).ListItem.Property(submenuVisibility),num-31957)</visible>
			<property name="isSubmenu">True</property>
		</item>
		<item id="5">
			<property name="id">$NUMBER[5]</property>
			<property name="mainmenuid">3</property>
			<label>$LOCALIZE[1043]</label>
			<label2 />
			<icon>DefaultShortcut.png</icon>
			<thumb />
			<onclick>ActivateWindow(Programs,Addons,return)</onclick>
			<property name="path">ActivateWindow(Programs,Addons,return)</property>
			<visible>[String.IsEqual(System.ProfileName,Master user)] + String.IsEqual(Container(9000).ListItem.Property(submenuVisibility),num-31957)</visible>
			<property name="isSubmenu">True</property>
		</item>
		<item id="6">
			<property name="id">$NUMBER[6]</property>
			<property name="mainmenuid">3</property>
			<label>$LOCALIZE[1039]</label>
			<label2 />
			<icon>DefaultShortcut.png</icon>
			<thumb />
			<onclick>ActivateWindow(Pictures,Addons,return)</onclick>
			<property name="path">ActivateWindow(Pictures,Addons,return)</property>
			<visible>[String.IsEqual(System.ProfileName,Master user)] + String.IsEqual(Container(9000).ListItem.Property(submenuVisibility),num-31957)</visible>
			<property name="isSubmenu">True</property>
		</item>
		<item id="7">
			<property name="id">$NUMBER[7]</property>
			<property name="mainmenuid">3</property>
			<label>$LOCALIZE[1036]</label>
			<label2>Favourites</label2>
			<icon>DefaultShortcut.png</icon>
			<thumb />
			<onclick>ActivateWindow(Favourites)</onclick>
			<property name="path">ActivateWindow(Favourites)</property>
			<visible>[String.IsEqual(System.ProfileName,Master user)] + String.IsEqual(Container(9000).ListItem.Property(submenuVisibility),num-31957)</visible>
			<property name="isSubmenu">True</property>
		</item>
		<item id="1">
			<property name="id">$NUMBER[1]</property>
			<property name="mainmenuid">4</property>
			<label>$LOCALIZE[130]</label>
			<label2 />
			<icon>DefaultShortcut.png</icon>
			<thumb />
			<onclick>ActivateWindow(SystemInfo)</onclick>
			<property name="path">ActivateWindow(SystemInfo)</property>
			<visible>[String.IsEqual(System.ProfileName,Master user)] + String.IsEqual(Container(9000).ListItem.Property(submenuVisibility),num-13000)</visible>
			<property name="isSubmenu">True</property>
		</item>
		<item id="2">
			<property name="id">$NUMBER[2]</property>
			<property name="mainmenuid">4</property>
			<label>$LOCALIZE[33060]</label>
			<label2 />
			<icon>DefaultShortcut.png</icon>
			<thumb />
			<onclick>ActivateWindow(shutdownmenu)</onclick>
			<property name="path">ActivateWindow(shutdownmenu)</property>
			<visible>[String.IsEqual(System.ProfileName,Master user)] + String.IsEqual(Container(9000).ListItem.Property(submenuVisibility),num-13000)</visible>
			<property name="isSubmenu">True</property>
		</item>
		<item id="3">
			<property name="id">$NUMBER[3]</property>
			<property name="mainmenuid">4</property>
			<label>$LOCALIZE[20077]</label>
			<label2 />
			<icon>DefaultShortcut.png</icon>
			<thumb />
			<onclick>ActivateWindow(SkinSettings)</onclick>
			<property name="path">ActivateWindow(SkinSettings)</property>
			<visible>[String.IsEqual(System.ProfileName,Master user)] + String.IsEqual(Container(9000).ListItem.Property(submenuVisibility),num-13000)</visible>
			<property name="isSubmenu">True</property>
		</item>
		<item id="4">
			<property name="id">$NUMBER[4]</property>
			<property name="mainmenuid">4</property>
			<label>$LOCALIZE[7]</label>
			<label2 />
			<icon>DefaultShortcut.png</icon>
			<thumb />
			<onclick>ActivateWindow(FileManager)</onclick>
			<property name="path">ActivateWindow(FileManager)</property>
			<visible>[String.IsEqual(System.ProfileName,Master user)] + String.IsEqual(Container(9000).ListItem.Property(submenuVisibility),num-13000)</visible>
			<property name="isSubmenu">True</property>
		</item>
		<item id="5">
			<property name="id">$NUMBER[5]</property>
			<property name="mainmenuid">4</property>
			<label>$LOCALIZE[13200]</label>
			<label2 />
			<icon>DefaultShortcut.png</icon>
			<thumb />
			<onclick>ActivateWindow(Profiles)</onclick>
			<property name="path">ActivateWindow(Profiles)</property>
			<visible>[String.IsEqual(System.ProfileName,Master user)] + String.IsEqual(Container(9000).ListItem.Property(submenuVisibility),num-13000)</visible>
			<property name="isSubmenu">True</property>
		</item>
		<item id="6">
			<property name="id">$NUMBER[6]</property>
			<property name="mainmenuid">4</property>
			<label>$LOCALIZE[31159]</label>
			<label2 />
			<icon>DefaultShortcut.png</icon>
			<thumb />
			<visible>[system.getbool(eventlog.enabled)] + String.IsEqual(Container(9000).ListItem.Property(submenuVisibility),num-13000)</visible>
			<onclick>ActivateWindow(Eventlog)</onclick>
			<property name="path">ActivateWindow(Eventlog)</property>
			<visible>String.IsEqual(System.ProfileName,Master user)</visible>
			<property name="isSubmenu">True</property>
		</item>
		<item id="1">
			<property name="id">$NUMBER[1]</property>
			<property name="mainmenuid">5</property>
			<label>$LOCALIZE[13016]</label>
			<label2 />
			<icon>DefaultShortcut.png</icon>
			<thumb />
			<visible>[System.CanPowerDown] + String.IsEqual(Container(9000).ListItem.Property(submenuVisibility),num-33060)</visible>
			<onclick>Powerdown()</onclick>
			<property name="path">Powerdown()</property>
			<visible>String.IsEqual(System.ProfileName,Master user)</visible>
			<property name="isSubmenu">True</property>
		</item>
		<item id="2">
			<property name="id">$NUMBER[2]</property>
			<property name="mainmenuid">5</property>
			<label>$LOCALIZE[13013]</label>
			<label2 />
			<icon>DefaultShortcut.png</icon>
			<thumb />
			<visible>[System.CanReboot] + String.IsEqual(Container(9000).ListItem.Property(submenuVisibility),num-33060)</visible>
			<onclick>Reset()</onclick>
			<property name="path">Reset()</property>
			<visible>String.IsEqual(System.ProfileName,Master user)</visible>
			<property name="isSubmenu">True</property>
		</item>
		<item id="3">
			<property name="id">$NUMBER[3]</property>
			<property name="mainmenuid">5</property>
			<label>$LOCALIZE[13011]</label>
			<label2 />
			<icon>DefaultShortcut.png</icon>
			<thumb />
			<visible>[System.CanSuspend] + String.IsEqual(Container(9000).ListItem.Property(submenuVisibility),num-33060)</visible>
			<onclick>Suspend()</onclick>
			<property name="path">Suspend()</property>
			<visible>String.IsEqual(System.ProfileName,Master user)</visible>
			<property name="isSubmenu">True</property>
		</item>
		<item id="4">
			<property name="id">$NUMBER[4]</property>
			<property name="mainmenuid">5</property>
			<label>$LOCALIZE[13010]</label>
			<label2 />
			<icon>DefaultShortcut.png</icon>
			<thumb />
			<visible>[System.CanHibernate] + String.IsEqual(Container(9000).ListItem.Property(submenuVisibility),num-33060)</visible>
			<onclick>Hibernate()</onclick>
			<property name="path">Hibernate()</property>
			<visible>String.IsEqual(System.ProfileName,Master user)</visible>
			<property name="isSubmenu">True</property>
		</item>
		<item id="5">
			<property name="id">$NUMBER[5]</property>
			<property name="mainmenuid">5</property>
			<label>$LOCALIZE[20126]</label>
			<label2 />
			<icon>DefaultShortcut.png</icon>
			<thumb />
			<visible>[[System.HasLoginScreen | IntegerGreaterThan(System.ProfileCount,1)] + System.Loggedon] + String.IsEqual(Container(9000).ListItem.Property(submenuVisibility),num-33060)</visible>
			<onclick>System.LogOff</onclick>
			<property name="path">System.LogOff</property>
			<visible>String.IsEqual(System.ProfileName,Master user)</visible>
			<property name="isSubmenu">True</property>
		</item>
		<item id="6">
			<property name="id">$NUMBER[6]</property>
			<property name="mainmenuid">5</property>
			<label>$LOCALIZE[13009]</label>
			<label2 />
			<icon>DefaultShortcut.png</icon>
			<thumb />
			<visible>[System.ShowExitButton] + String.IsEqual(Container(9000).ListItem.Property(submenuVisibility),num-33060)</visible>
			<onclick>Quit()</onclick>
			<property name="path">Quit()</property>
			<visible>String.IsEqual(System.ProfileName,Master user)</visible>
			<property name="isSubmenu">True</property>
		</item>
		<item id="1">
			<property name="id">$NUMBER[1]</property>
			<property name="mainmenuid">6</property>
			<label>$LOCALIZE[133]</label>
			<label2 />
			<icon>DefaultShortcut.png</icon>
			<thumb />
			<onclick condition="Library.HasContent(Music)">ActivateWindow(Music,musicdb://artists/,return)</onclick>
			<property name="path">ActivateWindow(Music,musicdb://artists/,return)</property>
			<onclick condition="![Library.HasContent(Music)]">ActivateWindow(Music,files)</onclick>
			<visible>[String.IsEqual(System.ProfileName,Master user)] + String.IsEqual(Container(9000).ListItem.Property(submenuVisibility),num-2)</visible>
			<property name="isSubmenu">True</property>
		</item>
		<item id="2">
			<property name="id">$NUMBER[2]</property>
			<property name="mainmenuid">6</property>
			<label>$LOCALIZE[132]</label>
			<label2 />
			<icon>DefaultShortcut.png</icon>
			<thumb />
			<onclick condition="Library.HasContent(Music)">ActivateWindow(Music,musicdb://albums/,return)</onclick>
			<property name="path">ActivateWindow(Music,musicdb://albums/,return)</property>
			<onclick condition="![Library.HasContent(Music)]">ActivateWindow(Music,files)</onclick>
			<visible>[String.IsEqual(System.ProfileName,Master user)] + String.IsEqual(Container(9000).ListItem.Property(submenuVisibility),num-2)</visible>
			<property name="isSubmenu">True</property>
		</item>
		<item id="3">
			<property name="id">$NUMBER[3]</property>
			<property name="mainmenuid">6</property>
			<label>Pandora</label>
			<label2>Favourite</label2>
			<icon>DefaultShortcut.png</icon>
			<thumb>androidapp://sources/apps/com.pandora.android.atv.png</thumb>
			<onclick>StartAndroidActivity("com.pandora.android.atv")</onclick>
			<property name="path">StartAndroidActivity("com.pandora.android.atv")</property>
			<visible>[String.IsEqual(System.ProfileName,Master user)] + String.IsEqual(Container(9000).ListItem.Property(submenuVisibility),num-2)</visible>
			<property name="isSubmenu">True</property>
		</item>
		<item id="4">
			<property name="id">$NUMBER[4]</property>
			<property name="mainmenuid">6</property>
			<label>TuneIn Radio</label>
			<label2>Favourite</label2>
			<icon>DefaultShortcut.png</icon>
			<thumb>androidapp://sources/apps/tunein.player.png</thumb>
			<onclick>StartAndroidActivity("tunein.player")</onclick>
			<property name="path">StartAndroidActivity("tunein.player")</property>
			<visible>[String.IsEqual(System.ProfileName,Master user)] + String.IsEqual(Container(9000).ListItem.Property(submenuVisibility),num-2)</visible>
			<property name="isSubmenu">True</property>
		</item>
		<item id="5">
			<property name="id">$NUMBER[5]</property>
			<property name="mainmenuid">6</property>
			<label>Amazon Music</label>
			<label2>Favourite</label2>
			<icon>DefaultShortcut.png</icon>
			<thumb>androidapp://sources/apps/com.amazon.music.tv.png</thumb>
			<onclick>StartAndroidActivity("com.amazon.music.tv")</onclick>
			<property name="path">StartAndroidActivity("com.amazon.music.tv")</property>
			<visible>[String.IsEqual(System.ProfileName,Master user)] + String.IsEqual(Container(9000).ListItem.Property(submenuVisibility),num-2)</visible>
			<property name="isSubmenu">True</property>
		</item>
		<item id="6">
			<property name="id">$NUMBER[6]</property>
			<property name="mainmenuid">6</property>
			<label>Google Music</label>
			<label2>Favourite</label2>
			<icon>DefaultShortcut.png</icon>
			<thumb>androidapp://sources/apps/com.google.android.music.png</thumb>
			<onclick>StartAndroidActivity("com.google.android.music")</onclick>
			<property name="path">StartAndroidActivity("com.google.android.music")</property>
			<visible>[String.IsEqual(System.ProfileName,Master user)] + String.IsEqual(Container(9000).ListItem.Property(submenuVisibility),num-2)</visible>
			<property name="isSubmenu">True</property>
		</item>
		<item id="7">
			<property name="id">$NUMBER[7]</property>
			<property name="mainmenuid">6</property>
			<label>$LOCALIZE[744]</label>
			<label2 />
			<icon>DefaultShortcut.png</icon>
			<thumb />
			<onclick>ActivateWindow(Music,sources://music/,return)</onclick>
			<property name="path">ActivateWindow(Music,sources://music/,return)</property>
			<visible>[String.IsEqual(System.ProfileName,Master user)] + String.IsEqual(Container(9000).ListItem.Property(submenuVisibility),num-2)</visible>
			<property name="isSubmenu">True</property>
		</item>
		<item id="8">
			<property name="id">$NUMBER[8]</property>
			<property name="mainmenuid">6</property>
			<label>Clean Audio Library</label>
			<label2>Kodi Command</label2>
			<icon>DefaultShortcut.png</icon>
			<thumb />
			<onclick>CleanLibrary(music,true)</onclick>
			<property name="path">CleanLibrary(music,true)</property>
			<visible>[String.IsEqual(System.ProfileName,Master user)] + String.IsEqual(Container(9000).ListItem.Property(submenuVisibility),num-2)</visible>
			<property name="isSubmenu">True</property>
		</item>
		<item id="9">
			<property name="id">$NUMBER[9]</property>
			<property name="mainmenuid">6</property>
			<label>Music Playlists</label>
			<label2>Favourite</label2>
			<icon>DefaultShortcut.png</icon>
			<thumb>DefaultMusicPlaylists.png</thumb>
			<onclick>ActivateWindow(10502,"library://music/playlists.xml/",return)</onclick>
			<property name="path">ActivateWindow(10502,"library://music/playlists.xml/",return)</property>
			<visible>[String.IsEqual(System.ProfileName,Master user)] + String.IsEqual(Container(9000).ListItem.Property(submenuVisibility),num-2)</visible>
			<property name="isSubmenu">True</property>
		</item>
		<item id="10">
			<property name="id">$NUMBER[10]</property>
			<property name="mainmenuid">6</property>
			<label>$LOCALIZE[134]</label>
			<label2 />
			<icon>DefaultShortcut.png</icon>
			<thumb />
			<onclick condition="Library.HasContent(Music)">ActivateWindow(Music,musicdb://songs/,return)</onclick>
			<property name="path">ActivateWindow(Music,musicdb://songs/,return)</property>
			<onclick condition="![Library.HasContent(Music)]">ActivateWindow(Music,files)</onclick>
			<visible>[String.IsEqual(System.ProfileName,Master user)] + String.IsEqual(Container(9000).ListItem.Property(submenuVisibility),num-2)</visible>
			<property name="isSubmenu">True</property>
		</item>
		<item id="11">
			<property name="id">$NUMBER[11]</property>
			<property name="mainmenuid">6</property>
			<label>$LOCALIZE[24001]</label>
			<label2 />
			<icon>DefaultShortcut.png</icon>
			<thumb />
			<visible>[False] + String.IsEqual(Container(9000).ListItem.Property(submenuVisibility),num-2)</visible>
			<onclick>noop</onclick>
			<property name="isSubmenu">True</property>
		</item>
		<item id="12">
			<property name="id">$NUMBER[12]</property>
			<property name="mainmenuid">6</property>
			<label>$LOCALIZE[14022]</label>
			<label2 />
			<icon>DefaultShortcut.png</icon>
			<thumb />
			<onclick>ActivateWindow(Music,musicdb://)</onclick>
			<property name="path">ActivateWindow(Music,musicdb://)</property>
			<visible>[String.IsEqual(System.ProfileName,Master user)] + String.IsEqual(Container(9000).ListItem.Property(submenuVisibility),num-2)</visible>
			<property name="isSubmenu">True</property>
		</item>
		<item id="1">
			<property name="id">$NUMBER[1]</property>
			<property name="mainmenuid">7</property>
			<label>Hubitat</label>
			<label2>Favourite</label2>
			<icon>DefaultShortcut.png</icon>
			<thumb>androidapp://sources/apps/com.hubitat.app.png</thumb>
			<onclick>StartAndroidActivity("com.hubitat.app")</onclick>
			<property name="path">StartAndroidActivity("com.hubitat.app")</property>
			<visible>[String.IsEqual(System.ProfileName,Master user)] + String.IsEqual(Container(9000).ListItem.Property(submenuVisibility),smarthome)</visible>
			<property name="isSubmenu">True</property>
		</item>
		<item id="2">
			<property name="id">$NUMBER[2]</property>
			<property name="mainmenuid">7</property>
			<label>Yatse</label>
			<label2>Favourite</label2>
			<icon>DefaultShortcut.png</icon>
			<thumb>androidapp://sources/apps/org.leetzone.android.yatsewidgetfree.png</thumb>
			<onclick>StartAndroidActivity("org.leetzone.android.yatsewidgetfree")</onclick>
			<property name="path">StartAndroidActivity("org.leetzone.android.yatsewidgetfree")</property>
			<visible>[String.IsEqual(System.ProfileName,Master user)] + String.IsEqual(Container(9000).ListItem.Property(submenuVisibility),smarthome)</visible>
			<property name="isSubmenu">True</property>
		</item>
		<item id="3">
			<property name="id">$NUMBER[3]</property>
			<property name="mainmenuid">7</property>
			<label>ihc</label>
			<label2>Favourite</label2>
			<icon>DefaultShortcut.png</icon>
			<thumb>androidapp://sources/apps/cn.com.broadlink.econtrol.plus.png</thumb>
			<onclick>StartAndroidActivity("cn.com.broadlink.econtrol.plus")</onclick>
			<property name="path">StartAndroidActivity("cn.com.broadlink.econtrol.plus")</property>
			<visible>[String.IsEqual(System.ProfileName,Master user)] + String.IsEqual(Container(9000).ListItem.Property(submenuVisibility),smarthome)</visible>
			<property name="isSubmenu">True</property>
		</item>
		<item id="4">
			<property name="id">$NUMBER[4]</property>
			<property name="mainmenuid">7</property>
			<label>WeBack</label>
			<label2>Favourite</label2>
			<icon>DefaultShortcut.png</icon>
			<thumb>androidapp://sources/apps/com.yugong.Backome.png</thumb>
			<onclick>StartAndroidActivity("com.yugong.Backome")</onclick>
			<property name="path">StartAndroidActivity("com.yugong.Backome")</property>
			<visible>[String.IsEqual(System.ProfileName,Master user)] + String.IsEqual(Container(9000).ListItem.Property(submenuVisibility),smarthome)</visible>
			<property name="isSubmenu">True</property>
		</item>
		<item id="5">
			<property name="id">$NUMBER[5]</property>
			<property name="mainmenuid">7</property>
			<label>eWeLink</label>
			<label2>Favourite</label2>
			<icon>DefaultShortcut.png</icon>
			<thumb>androidapp://sources/apps/com.coolkit.png</thumb>
			<onclick>StartAndroidActivity("com.coolkit")</onclick>
			<property name="path">StartAndroidActivity("com.coolkit")</property>
			<visible>[String.IsEqual(System.ProfileName,Master user)] + String.IsEqual(Container(9000).ListItem.Property(submenuVisibility),smarthome)</visible>
			<property name="isSubmenu">True</property>
		</item>
		<item id="1">
			<property name="id">$NUMBER[1]</property>
			<property name="mainmenuid">9</property>
			<label>$LOCALIZE[1214]</label>
			<label2>Videos</label2>
			<icon>special://skin/extras/icons/DefaultVideo.png</icon>
			<thumb />
			<onclick>ActivateWindow(Videos,library://video/,return)</onclick>
			<property name="path">ActivateWindow(Videos,library://video/,return)</property>
			<visible>[String.IsEqual(System.ProfileName,Master user)] + String.IsEqual(Container(9000).ListItem.Property(submenuVisibility),homemovies)</visible>
			<property name="isSubmenu">True</property>
		</item>
		<item id="2">
			<property name="id">$NUMBER[2]</property>
			<property name="mainmenuid">9</property>
			<label>$LOCALIZE[136]</label>
			<label2>Playlists</label2>
			<icon>special://skin/extras/icons/DefaultVideoPlaylists.png</icon>
			<thumb />
			<onclick>ActivateWindow(Videos,special://videoplaylists/,return)</onclick>
			<property name="path">ActivateWindow(Videos,special://videoplaylists/,return)</property>
			<visible>[String.IsEqual(System.ProfileName,Master user)] + String.IsEqual(Container(9000).ListItem.Property(submenuVisibility),homemovies)</visible>
			<property name="isSubmenu">True</property>
		</item>
		<item id="1">
			<property name="id">$NUMBER[1]</property>
			<property name="mainmenuid">11</property>
			<label>Holiday Movies</label>
			<label2>Video Playlist</label2>
			<icon>DefaultShortcut.png</icon>
			<thumb />
			<onclick>ActivateWindow(Videos,special://profile/playlists/video/Holiday Movies.xsp,return)</onclick>
			<property name="path">ActivateWindow(Videos,special://profile/playlists/video/Holiday Movies.xsp,return)</property>
			<visible>[String.IsEqual(System.ProfileName,Master user)] + String.IsEqual(Container(9000).ListItem.Property(submenuVisibility),holidays)</visible>
			<property name="isSubmenu">True</property>
		</item>
		<item id="2">
			<property name="id">$NUMBER[2]</property>
			<property name="mainmenuid">11</property>
			<label>$LOCALIZE[136]</label>
			<label2>Playlists</label2>
			<icon>DefaultShortcut.png</icon>
			<thumb />
			<onclick>ActivateWindow(Videos,special://videoplaylists/,return)</onclick>
			<property name="path">ActivateWindow(Videos,special://videoplaylists/,return)</property>
			<visible>[String.IsEqual(System.ProfileName,Master user)] + String.IsEqual(Container(9000).ListItem.Property(submenuVisibility),holidays)</visible>
			<property name="isSubmenu">True</property>
		</item>
		<item id="3">
			<property name="id">$NUMBER[3]</property>
			<property name="mainmenuid">11</property>
			<label>Holiday Music</label>
			<label2>Music Playlist</label2>
			<icon>DefaultShortcut.png</icon>
			<thumb />
			<onclick>ActivateWindow(Music,special://profile/playlists/music/Holiday Music.xsp,return)</onclick>
			<property name="path">ActivateWindow(Music,special://profile/playlists/music/Holiday Music.xsp,return)</property>
			<visible>[String.IsEqual(System.ProfileName,Master user)] + String.IsEqual(Container(9000).ListItem.Property(submenuVisibility),holidays)</visible>
			<property name="isSubmenu">True</property>
		</item>
		<item id="1">
			<property name="id">$NUMBER[1]</property>
			<property name="mainmenuid">12</property>
			<label>$LOCALIZE[31485]</label>
			<label2 />
			<icon>DefaultShortcut.png</icon>
			<thumb />
			<onclick>EjectTray()</onclick>
			<property name="path">EjectTray()</property>
			<visible>[String.IsEqual(System.ProfileName,Master user)] + String.IsEqual(Container(9000).ListItem.Property(submenuVisibility),num-31958)</visible>
			<property name="isSubmenu">True</property>
		</item>
		<item id="2">
			<property name="id">$NUMBER[2]</property>
			<property name="mainmenuid">12</property>
			<label>$LOCALIZE[600]</label>
			<label2 />
			<icon>DefaultShortcut.png</icon>
			<thumb />
			<visible>[System.HasMediaAudioCD] + String.IsEqual(Container(9000).ListItem.Property(submenuVisibility),num-31958)</visible>
			<onclick>RipCD</onclick>
			<property name="path">RipCD</property>
			<visible>String.IsEqual(System.ProfileName,Master user)</visible>
			<property name="isSubmenu">True</property>
		</item>
		<item id="1">
			<property name="id">$NUMBER[1]</property>
			<property name="mainmenuid">13</property>
			<label>Stand-Up Comedy</label>
			<label2>Video Playlist</label2>
			<icon>DefaultShortcut.png</icon>
			<thumb />
			<onclick>ActivateWindow(Videos,special://profile/playlists/video/Stand-Up Comedy.xsp,return)</onclick>
			<property name="path">ActivateWindow(Videos,special://profile/playlists/video/Stand-Up Comedy.xsp,return)</property>
			<visible>[String.IsEqual(System.ProfileName,Master user)] + String.IsEqual(Container(9000).ListItem.Property(submenuVisibility),on-stage)</visible>
			<property name="isSubmenu">True</property>
		</item>
		<item id="2">
			<property name="id">$NUMBER[2]</property>
			<property name="mainmenuid">13</property>
			<label>Music Concerts</label>
			<label2>Video Playlist</label2>
			<icon>DefaultShortcut.png</icon>
			<thumb />
			<onclick>ActivateWindow(Videos,special://profile/playlists/video/Music Concerts.xsp,return)</onclick>
			<property name="path">ActivateWindow(Videos,special://profile/playlists/video/Music Concerts.xsp,return)</property>
			<visible>[String.IsEqual(System.ProfileName,Master user)] + String.IsEqual(Container(9000).ListItem.Property(submenuVisibility),on-stage)</visible>
			<property name="isSubmenu">True</property>
		</item>
		<item id="3">
			<property name="id">$NUMBER[3]</property>
			<property name="mainmenuid">13</property>
			<label>$LOCALIZE[1214]</label>
			<label2>Videos</label2>
			<icon>special://skin/extras/icons/DefaultVideo.png</icon>
			<thumb />
			<onclick>ActivateWindow(Videos,library://video/,return)</onclick>
			<property name="path">ActivateWindow(Videos,library://video/,return)</property>
			<visible>[String.IsEqual(System.ProfileName,Master user)] + String.IsEqual(Container(9000).ListItem.Property(submenuVisibility),on-stage)</visible>
			<property name="isSubmenu">True</property>
		</item>
		<item id="4">
			<property name="id">$NUMBER[4]</property>
			<property name="mainmenuid">13</property>
			<label>Plays</label>
			<label2>Video Playlist</label2>
			<icon>DefaultShortcut.png</icon>
			<thumb />
			<onclick>ActivateWindow(Videos,special://profile/playlists/video/Plays.xsp,return)</onclick>
			<property name="path">ActivateWindow(Videos,special://profile/playlists/video/Plays.xsp,return)</property>
			<visible>[String.IsEqual(System.ProfileName,Master user)] + String.IsEqual(Container(9000).ListItem.Property(submenuVisibility),on-stage)</visible>
			<property name="isSubmenu">True</property>
		</item>
		<item id="5">
			<property name="id">$NUMBER[5]</property>
			<property name="mainmenuid">13</property>
			<label>Musicals</label>
			<label2>Video Playlist</label2>
			<icon>DefaultShortcut.png</icon>
			<thumb />
			<onclick>ActivateWindow(Videos,special://profile/playlists/video/Musicals.xsp,return)</onclick>
			<property name="path">ActivateWindow(Videos,special://profile/playlists/video/Musicals.xsp,return)</property>
			<visible>[String.IsEqual(System.ProfileName,Master user)] + String.IsEqual(Container(9000).ListItem.Property(submenuVisibility),on-stage)</visible>
			<property name="isSubmenu">True</property>
		</item>
		<item id="6">
			<property name="id">$NUMBER[6]</property>
			<property name="mainmenuid">13</property>
			<label>$LOCALIZE[136]</label>
			<label2>Playlists</label2>
			<icon>special://skin/extras/icons/DefaultVideoPlaylists.png</icon>
			<thumb />
			<onclick>ActivateWindow(Videos,special://videoplaylists/,return)</onclick>
			<property name="path">ActivateWindow(Videos,special://videoplaylists/,return)</property>
			<visible>[String.IsEqual(System.ProfileName,Master user)] + String.IsEqual(Container(9000).ListItem.Property(submenuVisibility),on-stage)</visible>
			<property name="isSubmenu">True</property>
		</item>
		<item id="1">
			<property name="id">$NUMBER[1]</property>
			<property name="mainmenuid">14</property>
			<label>Unwatched UFC PPVs</label>
			<label2>Video Playlist</label2>
			<icon>DefaultShortcut.png</icon>
			<thumb />
			<onclick>ActivateWindow(Videos,special://profile/playlists/video/Unwatched UFC PPVS.xsp,return)</onclick>
			<property name="path">ActivateWindow(Videos,special://profile/playlists/video/Unwatched UFC PPVS.xsp,return)</property>
			<visible>[String.IsEqual(System.ProfileName,Master user)] + String.IsEqual(Container(9000).ListItem.Property(submenuVisibility),sportsppvs)</visible>
			<property name="isSubmenu">True</property>
		</item>
		<item id="2">
			<property name="id">$NUMBER[2]</property>
			<property name="mainmenuid">14</property>
			<label>Unwatched WWE PPVs</label>
			<label2>Video Playlist</label2>
			<icon>DefaultShortcut.png</icon>
			<thumb />
			<onclick>ActivateWindow(Videos,special://profile/playlists/video/Unwatched WWE PPVs.xsp,return)</onclick>
			<property name="path">ActivateWindow(Videos,special://profile/playlists/video/Unwatched WWE PPVs.xsp,return)</property>
			<visible>[String.IsEqual(System.ProfileName,Master user)] + String.IsEqual(Container(9000).ListItem.Property(submenuVisibility),sportsppvs)</visible>
			<property name="isSubmenu">True</property>
		</item>
		<item id="3">
			<property name="id">$NUMBER[3]</property>
			<property name="mainmenuid">14</property>
			<label>$LOCALIZE[1214]</label>
			<label2>Videos</label2>
			<icon>special://skin/extras/icons/DefaultVideo.png</icon>
			<thumb />
			<onclick>ActivateWindow(Videos,library://video/,return)</onclick>
			<property name="path">ActivateWindow(Videos,library://video/,return)</property>
			<visible>[String.IsEqual(System.ProfileName,Master user)] + String.IsEqual(Container(9000).ListItem.Property(submenuVisibility),sportsppvs)</visible>
			<property name="isSubmenu">True</property>
		</item>
		<item id="4">
			<property name="id">$NUMBER[4]</property>
			<property name="mainmenuid">14</property>
			<label>$LOCALIZE[136]</label>
			<label2>Playlists</label2>
			<icon>special://skin/extras/icons/DefaultVideoPlaylists.png</icon>
			<thumb />
			<onclick>ActivateWindow(Videos,special://videoplaylists/,return)</onclick>
			<property name="path">ActivateWindow(Videos,special://videoplaylists/,return)</property>
			<visible>[String.IsEqual(System.ProfileName,Master user)] + String.IsEqual(Container(9000).ListItem.Property(submenuVisibility),sportsppvs)</visible>
			<property name="isSubmenu">True</property>
		</item>
		<item id="1">
			<property name="id">$NUMBER[1]</property>
			<property name="mainmenuid">15</property>
			<label>$LOCALIZE[16101]</label>
			<label2 />
			<icon>DefaultShortcut.png</icon>
			<thumb />
			<onclick>ActivateWindow(Videos,/storage/emulated/0/Android/data/org.xbmc.psmc/files/.kodi/addons/skin.aeon.nox.silvo/extras/UnwatchedMovies.xsp,return)</onclick>
			<property name="path">ActivateWindow(Videos,/storage/emulated/0/Android/data/org.xbmc.psmc/files/.kodi/addons/skin.aeon.nox.silvo/extras/UnwatchedMovies.xsp,return)</property>
			<visible>[String.IsEqual(System.ProfileName,Master user)] + String.IsEqual(Container(9000).ListItem.Property(submenuVisibility),num-20342)</visible>
			<property name="isSubmenu">True</property>
		</item>
		<item id="2">
			<property name="id">$NUMBER[2]</property>
			<property name="mainmenuid">15</property>
			<label>$LOCALIZE[1214]</label>
			<label2>Videos</label2>
			<icon>special://skin/extras/icons/DefaultVideo.png</icon>
			<thumb />
			<onclick>ActivateWindow(Videos,library://video/,return)</onclick>
			<property name="path">ActivateWindow(Videos,library://video/,return)</property>
			<visible>[String.IsEqual(System.ProfileName,Master user)] + String.IsEqual(Container(9000).ListItem.Property(submenuVisibility),num-20342)</visible>
			<property name="isSubmenu">True</property>
		</item>
		<item id="3">
			<property name="id">$NUMBER[3]</property>
			<property name="mainmenuid">15</property>
			<label>$LOCALIZE[575]</label>
			<label2 />
			<icon>DefaultShortcut.png</icon>
			<thumb />
			<onclick>ActivateWindow(Videos,/storage/emulated/0/Android/data/org.xbmc.psmc/files/.kodi/addons/skin.aeon.nox.silvo/extras/InProgressMovies.xsp,return)</onclick>
			<property name="path">ActivateWindow(Videos,/storage/emulated/0/Android/data/org.xbmc.psmc/files/.kodi/addons/skin.aeon.nox.silvo/extras/InProgressMovies.xsp,return)</property>
			<visible>[String.IsEqual(System.ProfileName,Master user)] + String.IsEqual(Container(9000).ListItem.Property(submenuVisibility),num-20342)</visible>
			<property name="isSubmenu">True</property>
		</item>
		<item id="4">
			<property name="id">$NUMBER[4]</property>
			<property name="mainmenuid">15</property>
			<label>Recently Added</label>
			<label2 />
			<icon>DefaultShortcut.png</icon>
			<thumb />
			<onclick>ActivateWindow(Videos,videodb://recentlyaddedmovies/,return)</onclick>
			<property name="path">ActivateWindow(Videos,videodb://recentlyaddedmovies/,return)</property>
			<visible>[String.IsEqual(System.ProfileName,Master user)] + String.IsEqual(Container(9000).ListItem.Property(submenuVisibility),num-20342)</visible>
			<property name="isSubmenu">True</property>
		</item>
		<item id="5">
			<property name="id">$NUMBER[5]</property>
			<property name="mainmenuid">15</property>
			<label>$LOCALIZE[20434]</label>
			<label2 />
			<icon>DefaultShortcut.png</icon>
			<thumb />
			<visible>[Library.HasContent(MovieSets)] + String.IsEqual(Container(9000).ListItem.Property(submenuVisibility),num-20342)</visible>
			<onclick>ActivateWindow(Videos,videodb://movies/sets/,return)</onclick>
			<property name="path">ActivateWindow(Videos,videodb://movies/sets/,return)</property>
			<visible>String.IsEqual(System.ProfileName,Master user)</visible>
			<property name="isSubmenu">True</property>
		</item>
		<item id="6">
			<property name="id">$NUMBER[6]</property>
			<property name="mainmenuid">15</property>
			<label>[B][COLOR blue]• [/COLOR][/B][COLOR ghostwhite]Search Movies[/COLOR]</label>
			<label2>Video Add-On</label2>
			<icon>DefaultShortcut.png</icon>
			<thumb>image://%2fstorage%2femulated%2f0%2fAndroid%2fdata%2forg.xbmc.psmc%2ffiles%2f.kodi%2faddons%2fscript.fuzzybritches.artwork%2fresources%2fmedia%2ffuzzybritches%2fsearch.png/</thumb>
			<onclick>ActivateWindow(Videos,"plugin://plugin.video.fuzzybritches/?action=movieSearch",return)</onclick>
			<property name="path">ActivateWindow(Videos,"plugin://plugin.video.fuzzybritches/?action=movieSearch",return)</property>
			<visible>[String.IsEqual(System.ProfileName,Master user)] + String.IsEqual(Container(9000).ListItem.Property(submenuVisibility),num-20342)</visible>
			<property name="isSubmenu">True</property>
		</item>
		<item id="7">
			<property name="id">$NUMBER[7]</property>
			<property name="mainmenuid">15</property>
			<label>[B][COLOR blue]• [/COLOR][/B][COLOR ghostwhite]In Theaters[/COLOR][B][COLOR blue] •[/COLOR][/B]</label>
			<label2>Video Add-On</label2>
			<icon>DefaultShortcut.png</icon>
			<thumb>image://%2fstorage%2femulated%2f0%2fAndroid%2fdata%2forg.xbmc.psmc%2ffiles%2f.kodi%2faddons%2fscript.fuzzybritches.artwork%2fresources%2fmedia%2ffuzzybritches%2fin-theaters.png/</thumb>
			<onclick>ActivateWindow(Videos,"plugin://plugin.video.fuzzybritches/?action=movies&amp;url=theaters",return)</onclick>
			<property name="path">ActivateWindow(Videos,"plugin://plugin.video.fuzzybritches/?action=movies&amp;url=theaters",return)</property>
			<visible>[String.IsEqual(System.ProfileName,Master user)] + String.IsEqual(Container(9000).ListItem.Property(submenuVisibility),num-20342)</visible>
			<property name="isSubmenu">True</property>
		</item>
		<item id="8">
			<property name="id">$NUMBER[8]</property>
			<property name="mainmenuid">15</property>
			<label>$LOCALIZE[135]</label>
			<label2 />
			<icon>DefaultShortcut.png</icon>
			<thumb />
			<onclick condition="Library.HasContent(Movies)">ActivateWindow(Videos,videodb://movies/genres/,return)</onclick>
			<property name="path">ActivateWindow(Videos,videodb://movies/genres/,return)</property>
			<onclick condition="![Library.HasContent(Movies)]">ActivateWindow(videos,files,return)</onclick>
			<visible>[String.IsEqual(System.ProfileName,Master user)] + String.IsEqual(Container(9000).ListItem.Property(submenuVisibility),num-20342)</visible>
			<property name="isSubmenu">True</property>
		</item>
		<item id="9">
			<property name="id">$NUMBER[9]</property>
			<property name="mainmenuid">15</property>
			<label>$LOCALIZE[652]</label>
			<label2 />
			<icon>DefaultShortcut.png</icon>
			<thumb />
			<onclick condition="Library.HasContent(Movies)">ActivateWindow(Videos,videodb://movies/years/,return)</onclick>
			<property name="path">ActivateWindow(Videos,videodb://movies/years/,return)</property>
			<onclick condition="![Library.HasContent(Movies)]">ActivateWindow(videos,files,return)</onclick>
			<visible>[String.IsEqual(System.ProfileName,Master user)] + String.IsEqual(Container(9000).ListItem.Property(submenuVisibility),num-20342)</visible>
			<property name="isSubmenu">True</property>
		</item>
		<item id="10">
			<property name="id">$NUMBER[10]</property>
			<property name="mainmenuid">15</property>
			<label>$LOCALIZE[344]</label>
			<label2 />
			<icon>DefaultShortcut.png</icon>
			<thumb />
			<onclick condition="Library.HasContent(Movies)">ActivateWindow(Videos,videodb://movies/actors/,return)</onclick>
			<property name="path">ActivateWindow(Videos,videodb://movies/actors/,return)</property>
			<onclick condition="![Library.HasContent(Movies)]">ActivateWindow(videos,files,return)</onclick>
			<visible>[String.IsEqual(System.ProfileName,Master user)] + String.IsEqual(Container(9000).ListItem.Property(submenuVisibility),num-20342)</visible>
			<property name="isSubmenu">True</property>
		</item>
		<item id="11">
			<property name="id">$NUMBER[11]</property>
			<property name="mainmenuid">15</property>
			<label>$LOCALIZE[20459]</label>
			<label2 />
			<icon>DefaultShortcut.png</icon>
			<thumb />
			<onclick condition="Library.HasContent(Movies)">ActivateWindow(Videos,videodb://movies/tags/,return)</onclick>
			<property name="path">ActivateWindow(Videos,videodb://movies/tags/,return)</property>
			<onclick condition="![Library.HasContent(Movies)]">ActivateWindow(videos,files,return)</onclick>
			<visible>[String.IsEqual(System.ProfileName,Master user)] + String.IsEqual(Container(9000).ListItem.Property(submenuVisibility),num-20342)</visible>
			<property name="isSubmenu">True</property>
		</item>
	</include>
	<include />
	<include name="skinshortcuts-submenu-1">
		<item id="1">
			<property name="id">$NUMBER[1]</property>
			<property name="mainmenuid">3</property>
			<label>Fuzzy Britches</label>
			<label2>Video Add-On</label2>
			<icon>DefaultShortcut.png</icon>
			<thumb>image://%2fstorage%2femulated%2f0%2fAndroid%2fdata%2forg.xbmc.psmc%2ffiles%2f.kodi%2faddons%2fplugin.video.fuzzybritches%2ficon.gif/</thumb>
			<onclick>ActivateWindow(Videos,"plugin://plugin.video.fuzzybritches",return)</onclick>
			<property name="path">ActivateWindow(Videos,"plugin://plugin.video.fuzzybritches",return)</property>
			<visible>[String.IsEqual(System.ProfileName,Master user)] + String.IsEqual(Container(9000).ListItem.Property(submenuVisibility),num-31957)</visible>
			<property name="isSubmenu">True</property>
		</item>
		<item id="2">
			<property name="id">$NUMBER[2]</property>
			<property name="mainmenuid">3</property>
			<label>PSMC Maintenance</label>
			<label2>Program</label2>
			<icon>DefaultShortcut.png</icon>
			<thumb>image://%2fstorage%2femulated%2f0%2fAndroid%2fdata%2forg.xbmc.psmc%2ffiles%2f.kodi%2faddons%2fplugin.program.psmcmaintenance%2ficon.png/</thumb>
			<onclick>ActivateWindow(Programs,"plugin://plugin.program.psmcmaintenance",return)</onclick>
			<property name="path">ActivateWindow(Programs,"plugin://plugin.program.psmcmaintenance",return)</property>
			<visible>[String.IsEqual(System.ProfileName,Master user)] + String.IsEqual(Container(9000).ListItem.Property(submenuVisibility),num-31957)</visible>
			<property name="isSubmenu">True</property>
		</item>
		<item id="3">
			<property name="id">$NUMBER[3]</property>
			<property name="mainmenuid">3</property>
			<label>Artwork Beef</label>
			<label2>Program</label2>
			<icon>special://skin/extras/icons/DefaultAddon.png</icon>
			<thumb>image://%2fstorage%2femulated%2f0%2fAndroid%2fdata%2forg.xbmc.psmc%2ffiles%2f.kodi%2faddons%2fscript.artwork.beef%2ficon.png/</thumb>
			<onclick>RunAddOn(script.artwork.beef)</onclick>
			<property name="path">RunAddOn(script.artwork.beef)</property>
			<visible>[String.IsEqual(System.ProfileName,Master user)] + String.IsEqual(Container(9000).ListItem.Property(submenuVisibility),num-31957)</visible>
			<property name="isSubmenu">True</property>
		</item>
		<item id="4">
			<property name="id">$NUMBER[4]</property>
			<property name="mainmenuid">3</property>
			<label>Trakt</label>
			<label2>Program</label2>
			<icon>special://skin/extras/icons/DefaultAddon.png</icon>
			<thumb>image://%2fstorage%2femulated%2f0%2fAndroid%2fdata%2forg.xbmc.psmc%2ffiles%2f.kodi%2faddons%2fscript.trakt%2ficon.png/</thumb>
			<onclick>RunAddOn(script.trakt)</onclick>
			<property name="path">RunAddOn(script.trakt)</property>
			<visible>[String.IsEqual(System.ProfileName,Master user)] + String.IsEqual(Container(9000).ListItem.Property(submenuVisibility),num-31957)</visible>
			<property name="isSubmenu">True</property>
		</item>
		<item id="5">
			<property name="id">$NUMBER[5]</property>
			<property name="mainmenuid">3</property>
			<label>Prime Video</label>
			<label2>Favourite</label2>
			<icon>special://skin/extras/icons/DefaultFolder.png</icon>
			<thumb>androidapp://sources/apps/com.amazon.amazonvideo.livingroom.png</thumb>
			<onclick>StartAndroidActivity("com.amazon.amazonvideo.livingroom")</onclick>
			<property name="path">StartAndroidActivity("com.amazon.amazonvideo.livingroom")</property>
			<visible>[String.IsEqual(System.ProfileName,Master user)] + String.IsEqual(Container(9000).ListItem.Property(submenuVisibility),num-31957)</visible>
			<property name="isSubmenu">True</property>
		</item>
		<item id="6">
			<property name="id">$NUMBER[6]</property>
			<property name="mainmenuid">3</property>
			<label>Speed Test</label>
			<label2>Program</label2>
			<icon>special://skin/extras/icons/DefaultAddon.png</icon>
			<thumb>image://%2fstorage%2femulated%2f0%2fAndroid%2fdata%2forg.xbmc.psmc%2ffiles%2f.kodi%2faddons%2fscript.speedtester%2ficon.png/</thumb>
			<onclick>RunAddOn(script.speedtester)</onclick>
			<property name="path">RunAddOn(script.speedtester)</property>
			<visible>[String.IsEqual(System.ProfileName,Master user)] + String.IsEqual(Container(9000).ListItem.Property(submenuVisibility),num-31957)</visible>
			<property name="isSubmenu">True</property>
		</item>
		<item id="1">
			<property name="id">$NUMBER[1]</property>
			<property name="mainmenuid">7</property>
			<label>Hubitat Dashboards</label>
			<label2>Favourite</label2>
			<icon>DefaultShortcut.png</icon>
			<thumb>androidapp://sources/apps/com.hubitat.app.png</thumb>
			<onclick>StartAndroidActivity("com.hubitat.app")</onclick>
			<property name="path">StartAndroidActivity("com.hubitat.app")</property>
			<visible>[String.IsEqual(System.ProfileName,Master user)] + String.IsEqual(Container(9000).ListItem.Property(submenuVisibility),smarthome)</visible>
			<property name="isSubmenu">True</property>
		</item>
		<item id="2">
			<property name="id">$NUMBER[2]</property>
			<property name="mainmenuid">7</property>
			<label>PSMC Media Centers</label>
			<label2>Favourite</label2>
			<icon>DefaultShortcut.png</icon>
			<thumb>smb://ZIZZLEZAZZLE/NAS-1/Media/Backgrounds/Skin Icons/PSMC.png</thumb>
			<onclick>StartAndroidActivity("org.leetzone.android.yatsewidgetfree")</onclick>
			<property name="path">StartAndroidActivity("org.leetzone.android.yatsewidgetfree")</property>
			<visible>[String.IsEqual(System.ProfileName,Master user)] + String.IsEqual(Container(9000).ListItem.Property(submenuVisibility),smarthome)</visible>
			<property name="isSubmenu">True</property>
		</item>
		<item id="3">
			<property name="id">$NUMBER[3]</property>
			<property name="mainmenuid">7</property>
			<label>RoboVac</label>
			<label2>Favourite</label2>
			<icon>DefaultShortcut.png</icon>
			<thumb>smb://ZIZZLEZAZZLE/NAS-1/Media/Backgrounds/Skin Icons/robovac.png</thumb>
			<onclick>StartAndroidActivity("com.yugong.Backome")</onclick>
			<property name="path">StartAndroidActivity("com.yugong.Backome")</property>
			<visible>[String.IsEqual(System.ProfileName,Master user)] + String.IsEqual(Container(9000).ListItem.Property(submenuVisibility),smarthome)</visible>
			<property name="isSubmenu">True</property>
		</item>
		<item id="4">
			<property name="id">$NUMBER[4]</property>
			<property name="mainmenuid">7</property>
			<label>Broadlink Devices</label>
			<label2>Favourite</label2>
			<icon>DefaultShortcut.png</icon>
			<thumb>smb://ZIZZLEZAZZLE/NAS-1/Media/Backgrounds/Skin Icons/ihc.png</thumb>
			<onclick>StartAndroidActivity("cn.com.broadlink.econtrol.plus")</onclick>
			<property name="path">StartAndroidActivity("cn.com.broadlink.econtrol.plus")</property>
			<visible>[String.IsEqual(System.ProfileName,Master user)] + String.IsEqual(Container(9000).ListItem.Property(submenuVisibility),smarthome)</visible>
			<property name="isSubmenu">True</property>
		</item>
		<item id="5">
			<property name="id">$NUMBER[5]</property>
			<property name="mainmenuid">7</property>
			<label>Old Wifi Switches</label>
			<label2>Favourite</label2>
			<icon>DefaultShortcut.png</icon>
			<thumb>smb://ZIZZLEZAZZLE/NAS-1/Media/Backgrounds/Skin Icons/ewelink.png</thumb>
			<onclick>StartAndroidActivity("com.coolkit")</onclick>
			<property name="path">StartAndroidActivity("com.coolkit")</property>
			<visible>[String.IsEqual(System.ProfileName,Master user)] + String.IsEqual(Container(9000).ListItem.Property(submenuVisibility),smarthome)</visible>
			<property name="isSubmenu">True</property>
		</item>
		<item id="1">
			<property name="id">$NUMBER[1]</property>
			<property name="mainmenuid">8</property>
			<label>Stream From PC</label>
			<label2>Favourite</label2>
			<icon>DefaultShortcut.png</icon>
			<thumb>smb://ZIZZLEZAZZLE/NAS-1/Media/Backgrounds/Skin Icons/Gaming PC.png</thumb>
			<onclick>StartAndroidActivity("com.limelight")</onclick>
			<property name="path">StartAndroidActivity("com.limelight")</property>
			<visible>[String.IsEqual(System.ProfileName,Master user)] + String.IsEqual(Container(9000).ListItem.Property(submenuVisibility),gaming)</visible>
			<property name="isSubmenu">True</property>
		</item>
		<item id="2">
			<property name="id">$NUMBER[2]</property>
			<property name="mainmenuid">8</property>
			<label>NVIDIA Games</label>
			<label2>Favourite</label2>
			<icon>DefaultShortcut.png</icon>
			<thumb>androidapp://sources/apps/com.nvidia.tegrazone3.png</thumb>
			<onclick>StartAndroidActivity("com.nvidia.tegrazone3")</onclick>
			<property name="path">StartAndroidActivity("com.nvidia.tegrazone3")</property>
			<visible>[String.IsEqual(System.ProfileName,Master user)] + String.IsEqual(Container(9000).ListItem.Property(submenuVisibility),gaming)</visible>
			<property name="isSubmenu">True</property>
		</item>
		<item id="3">
			<property name="id">$NUMBER[3]</property>
			<property name="mainmenuid">8</property>
			<label>Andriod Emulation</label>
			<label2>Favourite</label2>
			<icon>DefaultShortcut.png</icon>
			<thumb>smb://ZIZZLEZAZZLE/NAS-1/Media/Backgrounds/Skin Icons/arc.png</thumb>
			<onclick>StartAndroidActivity("net.floatingpoint.android.arcturus")</onclick>
			<property name="path">StartAndroidActivity("net.floatingpoint.android.arcturus")</property>
			<visible>[String.IsEqual(System.ProfileName,Master user)] + String.IsEqual(Container(9000).ListItem.Property(submenuVisibility),gaming)</visible>
			<property name="isSubmenu">True</property>
		</item>
		<item id="1">
			<property name="id">$NUMBER[1]</property>
			<property name="mainmenuid">10</property>
			<label>Family</label>
			<label2>Favourite</label2>
			<icon>special://skin/extras/icons/DefaultFolder.png</icon>
			<thumb>image://picturefolder@smb%3a%2f%2fZIZZLEZAZZLE%2fNAS-1%2fMedia%2fPhotos%2fFamily%2f/</thumb>
			<onclick>ActivateWindow(10002,"smb://ZIZZLEZAZZLE/NAS-1/Media/Photos/Family/",return)</onclick>
			<property name="path">ActivateWindow(10002,"smb://ZIZZLEZAZZLE/NAS-1/Media/Photos/Family/",return)</property>
			<visible>[String.IsEqual(System.ProfileName,Master user)] + String.IsEqual(Container(9000).ListItem.Property(submenuVisibility),photos)</visible>
			<property name="isSubmenu">True</property>
		</item>
		<item id="2">
			<property name="id">$NUMBER[2]</property>
			<property name="mainmenuid">10</property>
			<label>Gage</label>
			<label2>Favourite</label2>
			<icon>special://skin/extras/icons/DefaultFolder.png</icon>
			<thumb>image://picturefolder@smb%3a%2f%2fZIZZLEZAZZLE%2fNAS-1%2fMedia%2fPhotos%2fGage%2f/</thumb>
			<onclick>ActivateWindow(10002,"smb://ZIZZLEZAZZLE/NAS-1/Media/Photos/Gage/",return)</onclick>
			<property name="path">ActivateWindow(10002,"smb://ZIZZLEZAZZLE/NAS-1/Media/Photos/Gage/",return)</property>
			<visible>[String.IsEqual(System.ProfileName,Master user)] + String.IsEqual(Container(9000).ListItem.Property(submenuVisibility),photos)</visible>
			<property name="isSubmenu">True</property>
		</item>
		<item id="3">
			<property name="id">$NUMBER[3]</property>
			<property name="mainmenuid">10</property>
			<label>Grandkids</label>
			<label2>Favourite</label2>
			<icon>special://skin/extras/icons/DefaultFolder.png</icon>
			<thumb>image://picturefolder@smb%3a%2f%2fZIZZLEZAZZLE%2fNAS-1%2fMedia%2fPhotos%2fGrandkids%2f/</thumb>
			<onclick>ActivateWindow(10002,"smb://ZIZZLEZAZZLE/NAS-1/Media/Photos/Grandkids/",return)</onclick>
			<property name="path">ActivateWindow(10002,"smb://ZIZZLEZAZZLE/NAS-1/Media/Photos/Grandkids/",return)</property>
			<visible>[String.IsEqual(System.ProfileName,Master user)] + String.IsEqual(Container(9000).ListItem.Property(submenuVisibility),photos)</visible>
			<property name="isSubmenu">True</property>
		</item>
		<item id="4">
			<property name="id">$NUMBER[4]</property>
			<property name="mainmenuid">10</property>
			<label>Mamaw &amp; Papaw</label>
			<label2>Favourite</label2>
			<icon>special://skin/extras/icons/DefaultFolder.png</icon>
			<thumb>image://picturefolder@smb%3a%2f%2fZIZZLEZAZZLE%2fNAS-1%2fMedia%2fPhotos%2fMamaw%20%26%20Papaw%2f/</thumb>
			<onclick>ActivateWindow(10002,"smb://ZIZZLEZAZZLE/NAS-1/Media/Photos/Mamaw &amp; Papaw/",return)</onclick>
			<property name="path">ActivateWindow(10002,"smb://ZIZZLEZAZZLE/NAS-1/Media/Photos/Mamaw &amp; Papaw/",return)</property>
			<visible>[String.IsEqual(System.ProfileName,Master user)] + String.IsEqual(Container(9000).ListItem.Property(submenuVisibility),photos)</visible>
			<property name="isSubmenu">True</property>
		</item>
		<item id="5">
			<property name="id">$NUMBER[5]</property>
			<property name="mainmenuid">10</property>
			<label>Holidays</label>
			<label2>Favourite</label2>
			<icon>DefaultShortcut.png</icon>
			<thumb>image://picturefolder@smb%3a%2f%2fZIZZLEZAZZLE%2fNAS-1%2fMedia%2fPhotos%2fHolidays%2f/</thumb>
			<onclick>ActivateWindow(10002,"smb://ZIZZLEZAZZLE/NAS-1/Media/Photos/Holidays/",return)</onclick>
			<property name="path">ActivateWindow(10002,"smb://ZIZZLEZAZZLE/NAS-1/Media/Photos/Holidays/",return)</property>
			<visible>[String.IsEqual(System.ProfileName,Master user)] + String.IsEqual(Container(9000).ListItem.Property(submenuVisibility),photos)</visible>
			<property name="isSubmenu">True</property>
		</item>
		<item id="6">
			<property name="id">$NUMBER[6]</property>
			<property name="mainmenuid">10</property>
			<label>Pets</label>
			<label2>Favourite</label2>
			<icon>special://skin/extras/icons/DefaultFolder.png</icon>
			<thumb>image://picturefolder@smb%3a%2f%2fZIZZLEZAZZLE%2fNAS-1%2fMedia%2fPhotos%2fPets%2f/</thumb>
			<onclick>ActivateWindow(10002,"smb://ZIZZLEZAZZLE/NAS-1/Media/Photos/Pets/",return)</onclick>
			<property name="path">ActivateWindow(10002,"smb://ZIZZLEZAZZLE/NAS-1/Media/Photos/Pets/",return)</property>
			<visible>[String.IsEqual(System.ProfileName,Master user)] + String.IsEqual(Container(9000).ListItem.Property(submenuVisibility),photos)</visible>
			<property name="isSubmenu">True</property>
		</item>
		<item id="7">
			<property name="id">$NUMBER[7]</property>
			<property name="mainmenuid">10</property>
			<label>The House</label>
			<label2>Favourite</label2>
			<icon>special://skin/extras/icons/DefaultFolder.png</icon>
			<thumb>image://picturefolder@smb%3a%2f%2fZIZZLEZAZZLE%2fNAS-1%2fMedia%2fPhotos%2fThe%20House%2f/</thumb>
			<onclick>ActivateWindow(10002,"smb://ZIZZLEZAZZLE/NAS-1/Media/Photos/The House/",return)</onclick>
			<property name="path">ActivateWindow(10002,"smb://ZIZZLEZAZZLE/NAS-1/Media/Photos/The House/",return)</property>
			<visible>[String.IsEqual(System.ProfileName,Master user)] + String.IsEqual(Container(9000).ListItem.Property(submenuVisibility),photos)</visible>
			<property name="isSubmenu">True</property>
		</item>
		<item id="8">
			<property name="id">$NUMBER[8]</property>
			<property name="mainmenuid">10</property>
			<label>Vacations</label>
			<label2>Favourite</label2>
			<icon>DefaultShortcut.png</icon>
			<thumb>image://picturefolder@smb%3a%2f%2fZIZZLEZAZZLE%2fNAS-1%2fMedia%2fPhotos%2fVacations%2f/</thumb>
			<onclick>ActivateWindow(10002,"smb://ZIZZLEZAZZLE/NAS-1/Media/Photos/Vacations/",return)</onclick>
			<property name="path">ActivateWindow(10002,"smb://ZIZZLEZAZZLE/NAS-1/Media/Photos/Vacations/",return)</property>
			<visible>[String.IsEqual(System.ProfileName,Master user)] + String.IsEqual(Container(9000).ListItem.Property(submenuVisibility),photos)</visible>
			<property name="isSubmenu">True</property>
		</item>
		<item id="9">
			<property name="id">$NUMBER[9]</property>
			<property name="mainmenuid">10</property>
			<label>Wedding</label>
			<label2>Favourite</label2>
			<icon>special://skin/extras/icons/DefaultFolder.png</icon>
			<thumb>image://picturefolder@smb%3a%2f%2fZIZZLEZAZZLE%2fNAS-1%2fMedia%2fPhotos%2fWedding%2f/</thumb>
			<onclick>ActivateWindow(10002,"smb://ZIZZLEZAZZLE/NAS-1/Media/Photos/Wedding/",return)</onclick>
			<property name="path">ActivateWindow(10002,"smb://ZIZZLEZAZZLE/NAS-1/Media/Photos/Wedding/",return)</property>
			<visible>[String.IsEqual(System.ProfileName,Master user)] + String.IsEqual(Container(9000).ListItem.Property(submenuVisibility),photos)</visible>
			<property name="isSubmenu">True</property>
		</item>
		<item id="10">
			<property name="id">$NUMBER[10]</property>
			<property name="mainmenuid">10</property>
			<label>On The Road</label>
			<label2>Favourite</label2>
			<icon>DefaultShortcut.png</icon>
			<thumb>image://picturefolder@smb%3a%2f%2fZIZZLEZAZZLE%2fNAS-1%2fMedia%2fPhotos%2fOn%20The%20Road%2f/</thumb>
			<onclick>ActivateWindow(10002,"smb://ZIZZLEZAZZLE/NAS-1/Media/Photos/On The Road/",return)</onclick>
			<property name="path">ActivateWindow(10002,"smb://ZIZZLEZAZZLE/NAS-1/Media/Photos/On The Road/",return)</property>
			<visible>[String.IsEqual(System.ProfileName,Master user)] + String.IsEqual(Container(9000).ListItem.Property(submenuVisibility),photos)</visible>
			<property name="isSubmenu">True</property>
		</item>
	</include>
	<include />
	<include name="skinshortcuts-submenu-2">
		<item id="1">
			<property name="id">$NUMBER[1]</property>
			<property name="mainmenuid">8</property>
			<label>Adventure Story 2</label>
			<label2>Favourite</label2>
			<icon>DefaultShortcut.png</icon>
			<thumb>androidapp://sources/apps/com.renderedideas.adventurestory2.png</thumb>
			<onclick>StartAndroidActivity("com.renderedideas.adventurestory2")</onclick>
			<property name="path">StartAndroidActivity("com.renderedideas.adventurestory2")</property>
			<visible>[String.IsEqual(System.ProfileName,Master user)] + String.IsEqual(Container(9000).ListItem.Property(submenuVisibility),gaming)</visible>
			<property name="isSubmenu">True</property>
		</item>
		<item id="2">
			<property name="id">$NUMBER[2]</property>
			<property name="mainmenuid">8</property>
			<label>BB Racing</label>
			<label2>Favourite</label2>
			<icon>DefaultShortcut.png</icon>
			<thumb>smb://ZIZZLEZAZZLE/NAS-1/Media/Backgrounds/Skin Icons/bbracing.png</thumb>
			<onclick>StartAndroidActivity("com.vectorunit.purple.googleplay")</onclick>
			<property name="path">StartAndroidActivity("com.vectorunit.purple.googleplay")</property>
			<visible>[String.IsEqual(System.ProfileName,Master user)] + String.IsEqual(Container(9000).ListItem.Property(submenuVisibility),gaming)</visible>
			<property name="isSubmenu">True</property>
		</item>
		<item id="3">
			<property name="id">$NUMBER[3]</property>
			<property name="mainmenuid">8</property>
			<label>Bingo at Home</label>
			<label2>Favourite</label2>
			<icon>DefaultShortcut.png</icon>
			<thumb>androidapp://sources/apps/es.cabmagazine.bingoencasa.png</thumb>
			<onclick>StartAndroidActivity("es.cabmagazine.bingoencasa")</onclick>
			<property name="path">StartAndroidActivity("es.cabmagazine.bingoencasa")</property>
			<visible>[String.IsEqual(System.ProfileName,Master user)] + String.IsEqual(Container(9000).ListItem.Property(submenuVisibility),gaming)</visible>
			<property name="isSubmenu">True</property>
		</item>
		<item id="4">
			<property name="id">$NUMBER[4]</property>
			<property name="mainmenuid">8</property>
			<label>Crossy Road</label>
			<label2>Favourite</label2>
			<icon>DefaultShortcut.png</icon>
			<thumb>smb://ZIZZLEZAZZLE/NAS-1/Media/Backgrounds/Skin Icons/crossyroad.png</thumb>
			<onclick>StartAndroidActivity("com.yodo1.crossyroad")</onclick>
			<property name="path">StartAndroidActivity("com.yodo1.crossyroad")</property>
			<visible>[String.IsEqual(System.ProfileName,Master user)] + String.IsEqual(Container(9000).ListItem.Property(submenuVisibility),gaming)</visible>
			<property name="isSubmenu">True</property>
		</item>
		<item id="5">
			<property name="id">$NUMBER[5]</property>
			<property name="mainmenuid">8</property>
			<label>Jungle Adventures</label>
			<label2>Favourite</label2>
			<icon>DefaultShortcut.png</icon>
			<thumb>androidapp://sources/apps/com.renderedideas.jungleadventures.png</thumb>
			<onclick>StartAndroidActivity("com.renderedideas.jungleadventures")</onclick>
			<property name="path">StartAndroidActivity("com.renderedideas.jungleadventures")</property>
			<visible>[String.IsEqual(System.ProfileName,Master user)] + String.IsEqual(Container(9000).ListItem.Property(submenuVisibility),gaming)</visible>
			<property name="isSubmenu">True</property>
		</item>
		<item id="6">
			<property name="id">$NUMBER[6]</property>
			<property name="mainmenuid">8</property>
			<label>Jungle Adventures 2</label>
			<label2>Favourite</label2>
			<icon>DefaultShortcut.png</icon>
			<thumb>androidapp://sources/apps/com.renderedideas.jungleadventures2.png</thumb>
			<onclick>StartAndroidActivity("com.renderedideas.jungleadventures2")</onclick>
			<property name="path">StartAndroidActivity("com.renderedideas.jungleadventures2")</property>
			<visible>[String.IsEqual(System.ProfileName,Master user)] + String.IsEqual(Container(9000).ListItem.Property(submenuVisibility),gaming)</visible>
			<property name="isSubmenu">True</property>
		</item>
		<item id="7">
			<property name="id">$NUMBER[7]</property>
			<property name="mainmenuid">8</property>
			<label>Leo's Fortune</label>
			<label2>Favourite</label2>
			<icon>DefaultShortcut.png</icon>
			<thumb>androidapp://sources/apps/com.leosfortune.png</thumb>
			<onclick>StartAndroidActivity("com.leosfortune")</onclick>
			<property name="path">StartAndroidActivity("com.leosfortune")</property>
			<visible>[String.IsEqual(System.ProfileName,Master user)] + String.IsEqual(Container(9000).ListItem.Property(submenuVisibility),gaming)</visible>
			<property name="isSubmenu">True</property>
		</item>
		<item id="8">
			<property name="id">$NUMBER[8]</property>
			<property name="mainmenuid">8</property>
			<label>Octodad: Dadliest Catch</label>
			<label2>Favourite</label2>
			<icon>DefaultShortcut.png</icon>
			<thumb>androidapp://sources/apps/com.younghorses.octodad.png</thumb>
			<onclick>StartAndroidActivity("com.younghorses.octodad")</onclick>
			<property name="path">StartAndroidActivity("com.younghorses.octodad")</property>
			<visible>[String.IsEqual(System.ProfileName,Master user)] + String.IsEqual(Container(9000).ListItem.Property(submenuVisibility),gaming)</visible>
			<property name="isSubmenu">True</property>
		</item>
		<item id="9">
			<property name="id">$NUMBER[9]</property>
			<property name="mainmenuid">8</property>
			<label>Orb Wars</label>
			<label2>Favourite</label2>
			<icon>DefaultShortcut.png</icon>
			<thumb>androidapp://sources/apps/com.modulardreams.orbwars.png</thumb>
			<onclick>StartAndroidActivity("com.modulardreams.orbwars")</onclick>
			<property name="path">StartAndroidActivity("com.modulardreams.orbwars")</property>
			<visible>[String.IsEqual(System.ProfileName,Master user)] + String.IsEqual(Container(9000).ListItem.Property(submenuVisibility),gaming)</visible>
			<property name="isSubmenu">True</property>
		</item>
		<item id="10">
			<property name="id">$NUMBER[10]</property>
			<property name="mainmenuid">8</property>
			<label>PAC-MAN256</label>
			<label2>Favourite</label2>
			<icon>DefaultShortcut.png</icon>
			<thumb>androidapp://sources/apps/eu.bandainamcoent.pacman256.png</thumb>
			<onclick>StartAndroidActivity("eu.bandainamcoent.pacman256")</onclick>
			<property name="path">StartAndroidActivity("eu.bandainamcoent.pacman256")</property>
			<visible>[String.IsEqual(System.ProfileName,Master user)] + String.IsEqual(Container(9000).ListItem.Property(submenuVisibility),gaming)</visible>
			<property name="isSubmenu">True</property>
		</item>
		<item id="11">
			<property name="id">$NUMBER[11]</property>
			<property name="mainmenuid">8</property>
			<label>PBA Bowling</label>
			<label2>Favourite</label2>
			<icon>DefaultShortcut.png</icon>
			<thumb>smb://ZIZZLEZAZZLE/NAS-1/Media/Backgrounds/Skin Icons/pbabowling.png</thumb>
			<onclick>StartAndroidActivity("com.concretesoftware.pbachallenge_androidmarket")</onclick>
			<property name="path">StartAndroidActivity("com.concretesoftware.pbachallenge_androidmarket")</property>
			<visible>[String.IsEqual(System.ProfileName,Master user)] + String.IsEqual(Container(9000).ListItem.Property(submenuVisibility),gaming)</visible>
			<property name="isSubmenu">True</property>
		</item>
		<item id="12">
			<property name="id">$NUMBER[12]</property>
			<property name="mainmenuid">8</property>
			<label>Red Ball 4</label>
			<label2>Favourite</label2>
			<icon>DefaultShortcut.png</icon>
			<thumb>androidapp://sources/apps/com.FDGEntertainment.redball4.gp.png</thumb>
			<onclick>StartAndroidActivity("com.FDGEntertainment.redball4.gp")</onclick>
			<property name="path">StartAndroidActivity("com.FDGEntertainment.redball4.gp")</property>
			<visible>[String.IsEqual(System.ProfileName,Master user)] + String.IsEqual(Container(9000).ListItem.Property(submenuVisibility),gaming)</visible>
			<property name="isSubmenu">True</property>
		</item>
		<item id="13">
			<property name="id">$NUMBER[13]</property>
			<property name="mainmenuid">8</property>
			<label>Zen Pinball</label>
			<label2>Favourite</label2>
			<icon>DefaultShortcut.png</icon>
			<thumb>androidapp://sources/apps/com.zenstudios.ZenPinball.png</thumb>
			<onclick>StartAndroidActivity("com.zenstudios.ZenPinball")</onclick>
			<property name="path">StartAndroidActivity("com.zenstudios.ZenPinball")</property>
			<visible>[String.IsEqual(System.ProfileName,Master user)] + String.IsEqual(Container(9000).ListItem.Property(submenuVisibility),gaming)</visible>
			<property name="isSubmenu">True</property>
		</item>
	</include>
</includes>
