<?xml version="1.0" encoding="utf-8"?>
<sounds>
  <actions>
    <action>
      <name>left</name>
      <file>move.wav</file>
    </action>
    <action>
      <name>right</name>
      <file>move.wav</file>
    </action>
    <action>
      <name>up</name>
      <file>move.wav</file>
    </action>
    <action>
      <name>down</name>
      <file>move.wav</file>
    </action>
    <action>
      <name>select</name>
      <file>select.wav</file>
    </action>
    <action>
      <name>parentdir</name>
      <file>back.wav</file>
    </action>
    <action>
      <name>previousmenu</name>
      <file>back.wav</file>
    </action>
    <action>
      <name>screenshot</name>
      <file>photo.wav</file>
    </action>
  </actions>
  <windows>
    <window>
      <name>InfoDialog</name>
      <activate>select.wav</activate>
    </window>
  </windows>
</sounds>
