<?xml version="1.0" encoding="UTF-8"?>
<addon id="resource.uisounds.robot-voices" version="1.0.0" name="Robot Voices UI Sounds" provider-name="The Papaw">
  <requires>
    <import addon="kodi.resource" version="1.0.0"/>
  </requires>
  <extension point="kodi.resource.uisounds"/>
  <extension point="kodi.addon.metadata">
    <summary lang="en">Robot Voices GUI sounds</summary>
    <description lang="en">Robot Voices GUI sounds created for the PSMC skin by The Papaw</description>
    <platform>all</platform>
  </extension>
</addon>
