<?xml version="1.0" encoding="utf-8"?>
<!-- PSMC Max -->
<window>
    <controls>
		<include condition="Skin.HasSetting(SpinnerDimScreen)">DialogOverlayExtra</include>
        <control type="group">
            <visible>![String.IsEqual(Skin.String(HomeLayout),max) + Skin.HasSetting(MaxAutoTrailer) + [$EXP[IsMaxViewsActive] | $EXP[IsMaxCategoriesActive]]]</visible>
            <visible>![Skin.HasSetting(DetailsAutoTrailer) + Window.IsVisible(Videos) + [String.IsEqual(System.CurrentControlID,523) | String.IsEqual(System.CurrentControlID,526)]]</visible>
            <visible>!Window.IsVisible(startup)</visible>
            <include>Busy_Spinner</include>
        </control>
    </controls>
</window>