<colors>
	<color name="white">FFE5E5E5</color>
	<color name="white2">D0FFFFFF</color>
	<color name="grey">FFBDBDBD</color>
	<color name="grey2">FF999999</color>
	<color name="grey3">FF606060</color>
	<color name="grey4">d0e5c100</color>
	<color name="black">FF000000</color>
	<color name="blue">FF6DB9E5</color>
	<color name="selected">d0e5c100</color>
	<color name="invalid">FFFF0000</color>
	<color name="themecolor">FFe5c100</color>
	<color name="themecolor_transparent">886db9e5</color>
	<color name="ICS_Blue_Text">ffe5c100</color>
	<color name="ICS_Blue_Textures">ffe5c100</color>
	<color name="dialogheader">FF606060</color>
	<color name="labelheader">FF6db9e5</color>
	<color name="shadow">AA000000</color>
	<color name="topbar">8859a8d5</color>
</colors>