<?xml version="1.0" encoding="utf-8"?>
<!-- PSMC Max -->
<window>
    <defaultcontrol always="true">1000</defaultcontrol>
    <menucontrol>900</menucontrol>

    <!-- defaults -->
    <include>DefaultSkinSettings</include>
    <include condition="String.IsEqual(Skin.String(HomeLayout),max)">DefaultSkinHubs</include>

    <include condition="Skin.HasSetting(KeepWidgetFocus)">WidgetPlaybackFocus</include>
    <!-- PSMC Max -->
    <onload condition="!String.IsEmpty(Skin.String(CustomSearchTerm))">Skin.Reset(CustomSearchTerm)</onload>
    <onload condition="String.IsEqual(Skin.String(HomeLayout),max)">SetProperty(maxviews,1,Home)</onload>
    <!-- build menu -->
    <onload>RunScript(script.skinshortcuts,type=buildxml&amp;mainmenuID=900&amp;group=mainmenu|powermenu)</onload>
    <onload condition="String.IsEmpty(Window(Home).Property(widgetstyle))">SetProperty(widgetstyle,$INFO[Skin.String(widgetstyle)])</onload>

    <!-- first run -->
    <onload condition="$EXP[IsFirstRun]">ReplaceWindow($VAR[StartUpWindow])</onload>

    <onunload condition="!Skin.HasSetting(SectionBackgroundHomeOnly)">SetProperty(SectionBackground,$ESCINFO[Control.GetLabel(99004)])</onunload>
    <onunload condition="System.HasAlarm(preview_delay)">CancelAlarm(preview_delay,silent)</onunload>
    <onunload>ClearProperty(submenu,Home)</onunload>
    <onunload>ClearProperty(ShowWidget,Home)</onunload>
    <onunload>ClearProperty(ShowViewSubMenu,Home)</onunload>
    <onunload>ClearProperty(SkinHelper.WidgetContainer)</onunload>
    <onunload>ClearProperty(maxviews,Home)</onunload>
    <include condition="Skin.String(widgets_rotate) + !String.IsEqual(Skin.String(widgets_rotate),disabled)">WidgetsAutoRotateUnload</include>

    <include condition="String.IsEqual(Skin.String(HomeLayout),max)">MaxViews_WindowOpen_Fade</include>

	<controls>
        <!-- Global Background -->
        <include>GlobalBackground</include>

        <control type="button" id="1000">
            <include>HiddenObject</include>
            <onfocus condition="[String.IsEqual(Skin.String(HomeLayout),max) | String.IsEqual(Skin.String(HomeLayout),win10)] + !Skin.HasSetting(AutoFocusHome) + String.IsEmpty(Window(Home).Property(LastFocusWidget))">SetFocus(77777)</onfocus>
            <onfocus condition="[[!String.IsEqual(Skin.String(HomeLayout),max) + !String.IsEqual(Skin.String(HomeLayout),win10)] | Skin.HasSetting(AutoFocusHome)] + String.IsEmpty(Window(Home).Property(LastFocusWidget))">SetFocus($VAR[DefaultMenuFocus])</onfocus>
            <onfocus condition="String.IsEmpty(Window(Home).Property(HomeFirstLoadDone))">SetProperty(HomeFirstLoadDone,1)</onfocus>
            <include content="WidgetsAutoRotate" condition="!String.IsEmpty(Skin.String(widgets_rotate_delay)) + !String.IsEqual(Skin.String(widgets_rotate),disabled) + [String.IsEqual(Skin.String(HomeLayout),max) | String.IsEqual(Skin.String(HomeLayout),win10)]">
                <param name="interval" value="$INFO[Skin.String(widgets_rotate_delay)]" />
            </include>
            <onleft>900</onleft>
            <onright>900</onright>
            <onback>900</onback>
        </control>

        <!-- Preload Weather Conditions -->
        <control type="label">
            <label>$INFO[Weather.Conditions]</label>
            <include>HiddenObject</include>
        </control>

        <!-- Preload submenu for count calculations -->
        <include condition="!String.IsEqual(Skin.String(HomeLayout),enhanced) + !Skin.HasSetting(DisableAllSubmenus)">hiddenSubmenu</include>

		<!-- NowPlaying Background -->
		<include condition="!Skin.HasTheme(classic)">NowPlayingBackground</include>
        
        <!-- NowPlaying Info Bar  -->
		<include condition="Skin.HasTheme(classic)">NowPlayingMusicClassic</include>
		<include condition="Skin.HasTheme(classic)">NowPlayingVideoClassic</include>
		<include condition="!Skin.HasTheme(classic) + !Skin.HasSetting(DisableNowPlayingInfoBar)">NowPlayingInfoBar</include>
        
        <!-- PVR recording icon -->
        <include condition="Skin.HasSetting(Home_RecordingIndicator)">NowRecordingIcon</include>
	
		<!-- Home Screen -->
        <include condition="String.IsEqual(Skin.String(HomeLayout),max)">HomeMax</include>
        <include condition="$EXP[IsTilesLayout]">HomeMax</include>
        <include condition="$EXP[IsHorizontalLayout]">HorizontalHome</include>
        <include condition="$EXP[IsVerticalLayout]">VerticalHome</include>
        <include condition="String.IsEqual(Skin.String(HomeLayout),enhanced)">EnhancedHome</include>
        <include condition="String.IsEqual(Skin.String(HomeLayout),win10)">HomeWin10</include>

		<!-- Debug -->
        <include condition="Skin.HasSetting(DebugGrid) | Skin.HasSetting(DebugInfo)">DebugInfo</include>
	</controls>
</window>
